
<!-- ================================================================ 

Custom Ore Generation:   Applied Energistics Module

Generates: 
Quartz, Charged Quartz

================================================================ -->

    <!-- Mod detection -->
    <IfModInstalled name="appliedenergistics2">
        
        <!-- Starting Custom Ore Gen Configuration. -->
        <ConfigSection>
        
            
            <!-- Setup Screen Configuration -->
            <ConfigSection>
                <OptionDisplayGroup name='groupAppliedEnergistics' displayName='Applied Energistics' displayState='shown'> 
                    <Description>
                        Distribution options for Applied Energistics Ores.
                    </Description>
                </OptionDisplayGroup>
                
                <!-- Quartz Configuration UI Starting -->
                <ConfigSection>
                    <OptionChoice name='apenQuartzDist'  displayState='shown' displayGroup='groupAppliedEnergistics'> 
                        <Description> Controls how Quartz is generated </Description> 
                        <DisplayName>Applied Energistics Quartz</DisplayName>
                        <Choice value='layeredVeins' displayValue='Layered Veins'>
                            <Description>
                                Layered Veins.
                            </Description>
                        </Choice>
                        <Choice value='smallDeposits' displayValue='Small Deposits'>
                            <Description>
                                Small Deposits.
                            </Description>
                        </Choice>
                        <Choice value='hugeVeins' displayValue='Huge Veins'>
                            <Description>
                                Huge Veins.
                            </Description>
                        </Choice>
                        <Choice value='strategicCloud' displayValue='Clouds'>
                            <Description>
                                Strategic Clouds.
                            </Description>
                        </Choice>
                        <Choice value='vanillaStdGen' displayValue='Vanilla'>
                            <Description>
                                Vanilla-style clusters.
                            </Description>
                        </Choice>
                        <Choice value='none' displayValue='None' description='Quartz is not generated in the world.'/>
                    </OptionChoice>
                    <OptionNumeric name='apenQuartzFreq' default='1'  min='0' max='5' displayState=':= if(?advOptions,"shown","hidden")' displayGroup='groupAppliedEnergistics'>
                        <Description> Frequency multiplier for Applied Energistics Quartz distributions </Description>
                        <DisplayName>Applied Energistics Quartz Freq.</DisplayName>
                    </OptionNumeric>
                    <OptionNumeric name='apenQuartzSize' default='1'  min='0' max='5' displayState=':= if(?advOptions,"shown","hidden")' displayGroup='groupAppliedEnergistics'>
                        <Description> Size multiplier for Applied Energistics Quartz distributions </Description>
                        <DisplayName>Applied Energistics Quartz Size</DisplayName>
                    </OptionNumeric>
                </ConfigSection> 
                <!-- Quartz Configuration UI Complete -->
                
                
                <!-- Charged Quartz Configuration UI Starting -->
                <ConfigSection>
                    <OptionChoice name='apenChargedQuartzDist'  displayState='shown' displayGroup='groupAppliedEnergistics'> 
                        <Description> Controls how Charged Quartz is generated </Description> 
                        <DisplayName>Applied Energistics Charged Quartz</DisplayName>
                        <Choice value='layeredVeins' displayValue='Layered Veins'>
                            <Description>
                                Layered Veins.
                            </Description>
                        </Choice>
                        <Choice value='smallDeposits' displayValue='Small Deposits'>
                            <Description>
                                Small Deposits.
                            </Description>
                        </Choice>
                        <Choice value='hugeVeins' displayValue='Huge Veins'>
                            <Description>
                                Huge Veins.
                            </Description>
                        </Choice>
                        <Choice value='strategicCloud' displayValue='Clouds'>
                            <Description>
                                Strategic Clouds.
                            </Description>
                        </Choice>
                        <Choice value='vanillaStdGen' displayValue='Vanilla'>
                            <Description>
                                Vanilla-style clusters.
                            </Description>
                        </Choice>
                        <Choice value='none' displayValue='None' description='Charged Quartz is not generated in the world.'/>
                    </OptionChoice>
                    <OptionNumeric name='apenChargedQuartzFreq' default='1'  min='0' max='5' displayState=':= if(?advOptions,"shown","hidden")' displayGroup='groupAppliedEnergistics'>
                        <Description> Frequency multiplier for Applied Energistics Charged Quartz distributions </Description>
                        <DisplayName>Applied Energistics Charged Quartz Freq.</DisplayName>
                    </OptionNumeric>
                    <OptionNumeric name='apenChargedQuartzSize' default='1'  min='0' max='5' displayState=':= if(?advOptions,"shown","hidden")' displayGroup='groupAppliedEnergistics'>
                        <Description> Size multiplier for Applied Energistics Charged Quartz distributions </Description>
                        <DisplayName>Applied Energistics Charged Quartz Size</DisplayName>
                    </OptionNumeric>
                </ConfigSection> 
                <!-- Charged Quartz Configuration UI Complete -->
                
            </ConfigSection>
            <!-- Setup Screen Complete -->


            <!-- Setup Overworld -->
            <IfCondition condition=':= ?COGActive'>
                
                <!-- Starting Original Overworld Ore Removal -->
                <Substitute name='apenOverworldOreSubstitute0' block='minecraft:stone'>
                    <Description>
                        Replace vanilla-generated ore clusters.
                    </Description>
                    <Comment>
                        The global option deferredPopulationRange must be large enough to catch all ore clusters (>= 32).
                    </Comment>
                    <Replaces block='appliedenergistics2:tile.OreQuartz:0' />
                    <Replaces block='appliedenergistics2:tile.OreQuartzCharged:0' />
                </Substitute>
                <!-- Original Overworld Ore Removal Complete -->
                
                <!-- Adding ores --> 
                
                <!-- Begin Quartz Generation --> 
                
                <!-- Begin LayeredVeins distribution of Quartz -->
                <IfCondition condition=':= apenQuartzDist = "layeredVeins"'>
                
                    <Veins name='apenQuartzBaseVeins' block='appliedenergistics2:tile.OreQuartz' inherits='PresetLayeredVeins'>
                        <Description>
                            Small, fairly rare motherlodes with 2-4 horizontal veins each.
                        </Description>
                        <DrawWireframe>:=drawWireframes</DrawWireframe>
                        <WireframeColor>0x60E15003</WireframeColor>
                        <Setting name='MotherlodeSize' avg=':= 1 * 1 * apenQuartzSize * _default_' range=':= 1 * 1 * apenQuartzSize * _default_'/>
                        <Setting name='MotherlodeHeight' avg=':= 43' range=':= 10.5' type='normal' scaleTo='SeaLevel'/> 
                        <Setting name='SegmentRadius' avg=':= 1 * 1 * apenQuartzSize * _default_' range=':= 1 * 1 * apenQuartzSize * _default_'/>
                        <Setting name='OreDensity' avg=':= 1 * 1 * _default_' range=':= _default_'/>
                        <Setting name='MotherlodeFrequency' avg=':= 1 * 0.9 * apenQuartzFreq * _default_'/>
                        <Setting name='BranchHeightLimit' avg=':= 10.5'/>
                        <Replaces block='minecraft:stone'/>
                    </Veins>
                    
                    <!-- Begin Preferred Biome Distribution (Quartz Layered Veins) Settings -->
                    <Veins name='apenQuartzPrefersVeins' block='appliedenergistics2:tile.OreQuartz' inherits='apenQuartzBaseVeins'>
                        <Description>
                            Spawns 2 more times in preferred biomes.
                        </Description>
                        <DrawWireframe>:=drawWireframes</DrawWireframe>
                        <WireframeColor>0x60E15003</WireframeColor>
                        <Setting name='MotherlodeFrequency' avg=':= 2 * _default_'/>
                        <BiomeType name='Desert'/>
                    </Veins>
                    <!-- End Preferred Biome Distribution (Quartz Layered Veins) Settings -->
                
                </IfCondition>
                <!-- End LayeredVeins distribution of Quartz -->
                
                
                <!-- Begin  Small Deposits distribution of Quartz -->
                <IfCondition condition=':= apenQuartzDist = "smallDeposits"'>
                
                    <Veins name='apenQuartzBaseVeins' block='appliedenergistics2:tile.OreQuartz' inherits='PresetSmallDeposits'>
                        <Description>
                            Small motherlodes without any branches.
                            Similar to the deposits produced by StandardGen distributions.
                        </Description>
                        <DrawWireframe>:=drawWireframes</DrawWireframe>
                        <WireframeColor>0x60E15003</WireframeColor>
                        <Setting name='MotherlodeHeight' avg=':= 43' range=':= 10.5' type='normal' scaleTo='SeaLevel' /> 
                        <Setting name='MotherlodeSize' avg=':= 1 * 1 * apenQuartzSize * _default_' range=':= 1 * 1 * apenQuartzSize * _default_'/>
                        <Setting name='OreDensity' avg=':= 1 * 1 * _default_' range=':= _default_'/>
                        <Setting name='MotherlodeFrequency' avg=':= 1 * 0.9 * apenQuartzFreq * _default_'/>
                        <Replaces block='minecraft:stone'/>
                    </Veins>
                    
                    <!-- Begin Preferred Biome Distribution (Quartz Small Deposits) Settings -->
                    <Veins name='apenQuartzPrefersVeins' block='appliedenergistics2:tile.OreQuartz' inherits='apenQuartzBaseVeins'>
                        <Description>
                            Spawns 2 more times in preferred biomes.
                        </Description>
                        <DrawWireframe>:=drawWireframes</DrawWireframe>
                        <WireframeColor>0x60E15003</WireframeColor>
                        <Setting name='MotherlodeFrequency' avg=':= 2 * _default_'/>
                        <BiomeType name='Desert'/>
                    </Veins>
                    <!-- End Preferred Biome Distribution (Quartz Small Deposits) Settings -->
                
                </IfCondition>
                <!-- End  Small Deposits distribution of Quartz -->
                
                
                <!-- Begin  Huge Veins distribution of Quartz -->
                <IfCondition condition=':= apenQuartzDist = "hugeVeins"'>
                
                    <Veins name='apenQuartzBaseVeins' block='appliedenergistics2:tile.OreQuartz' inherits='PresetLayeredVeins'>
                        <Description>
                            Very large, extremely rare motherlodes.  Each motherlode has many long slender branches - so thin that
                            parts of the branch won't contain any ore at all.  This, combined with the incredible length of the
                            branches, makes them more challenging to follow underground.  Once found, however, a motherlode contains
                            enough ore to keep a player supplied for a very long time.
                            The rarity of these veins might be too frustrating in a single-player setting.  In SMP, though, teamwork 
                            could make finding them much easier and the motherlodes are big enough to supply several people without
                            shortage.  This might be a good way to add challenge to multiplayer worlds.
                            Credit: based on feedback by dyrewulf from the MC forums.
                        </Description>
                        <DrawWireframe>:=drawWireframes</DrawWireframe>
                        <WireframeColor>0x60E15003</WireframeColor>
                        <Setting name='MotherlodeSize' avg=':= 1 * 1 * apenQuartzSize * _default_' range=':= 1 * 1 * apenQuartzSize * _default_'/>
                        <Setting name='MotherlodeHeight' avg=':= 43' range=':= 10.5' type='normal' scaleTo='SeaLevel' /> 
                        <Setting name='SegmentRadius' avg=':= 1 * 1 * apenQuartzSize * _default_' range=':= 1 * 1 * apenQuartzSize * _default_'/>
                        <Setting name='OreDensity' avg=':= 1 * 1 * _default_' range=':= _default_'/>
                        <Setting name='MotherlodeFrequency' avg=':= 1 * 0.9 * apenQuartzFreq * _default_'/>
                        <Setting name='BranchHeightLimit' avg=':= 10.5'/>
                        <Replaces block='minecraft:stone'/>
                        
                        <!-- Begin Quartz Huge Vein Hint Veins -->
                        <Veins name='apenQuartzBaseHintVeins' block='appliedenergistics2:tile.OreQuartz' inherits='PresetHintVeins'>
                            <Description>
                                Single blocks, generously scattered through all heights (density is about that of vanilla iron ore). 
                                They will replace dirt and sandstone (but not grass or sand), so they can be found nearer  
                                to the surface than most ores.  Intened to be used as a child distribution for large, rare strategic  
                                deposits that would otherwise be very difficult to find. 
                            </Description>
                            <DrawWireframe>:=drawWireframes</DrawWireframe>
                            <WireframeColor>0x60E15003</WireframeColor>
                            <Replaces block='minecraft:dirt'/>
                            <Replaces block='minecraft:sandstone'/>
                            <Replaces block='minecraft:stone'/>
                        </Veins>
                        <!-- End Quartz Huge Vein Hint Veins -->

                    </Veins>
                    
                    <!-- Begin Preferred Biome Distribution (Quartz Huge Veins) Settings -->
                    <Veins name='apenQuartzPrefersVeins' block='appliedenergistics2:tile.OreQuartz' inherits='apenQuartzBaseVeins'>
                        <Description>
                            Spawns 2 more times in preferred biomes.
                        </Description>
                        <DrawWireframe>:=drawWireframes</DrawWireframe>
                        <WireframeColor>0x60E15003</WireframeColor>
                        <Setting name='MotherlodeFrequency' avg=':= 2 * _default_'/>
                        <BiomeType name='Desert'/>
                        
                        <!-- Begin Quartz Huge Vein Hint Veins -->
                        <Veins name='apenQuartzPrefersHintVeins' block='appliedenergistics2:tile.OreQuartz' inherits='apenQuartzBaseHintVeins'>
                            <Description>
                                Spawns 2 more times in preferred biomes.
                            </Description>
                            <DrawWireframe>:=drawWireframes</DrawWireframe>
                            <WireframeColor>0x60E15003</WireframeColor>
                            <Replaces block='minecraft:dirt'/>
                            <Replaces block='minecraft:sandstone'/>
                            <Replaces block='minecraft:stone'/>
                            <BiomeType name='Desert'/>
                        </Veins>
                        <!-- End Quartz Huge Vein Hint Veins -->

                    </Veins>
                    <!-- End Preferred Biome Distribution (Quartz Huge Veins) Settings -->
                
                </IfCondition>
                <!-- End  Huge Veins distribution of Quartz -->
                
                
                <!-- Begin  StrategicCloud distribution of Quartz -->
                <IfCondition condition=':= apenQuartzDist = "strategicCloud"'>
                
                    <Cloud name='apenQuartzBaseCloud' block='appliedenergistics2:tile.OreQuartz' inherits='PresetStrategicCloud'>
                        <Description>
                            Large irregular clouds filled lightly with ore.  These are huge, spanning several 
                            adjacent chunks, and consequently rather rare.  They contain a sizeable amount of 
                            ore, but it takes some time and effort to mine due to low density.
                            The intent for strategic clouds is that the player will need to actively search for
                            one and then set up a semi-permanent mining base and spend some time actually mining
                            the ore.
                        </Description>
                        <DrawWireframe>:=drawWireframes</DrawWireframe>
                        <WireframeColor>0x60E15003</WireframeColor>
                        <Setting name='CloudRadius' avg=':= 1 * 1 * apenQuartzSize * _default_' range=':= 1 * 1 * apenQuartzSize * _default_'/>
                        <Setting name='CloudThickness' avg=':= 1 * 1 * apenQuartzSize * _default_' range=':= 1 * 1 * apenQuartzSize * _default_'/>
                        <Setting name='CloudHeight' avg=':= 43' range=':= 17' type='normal' scaleTo='SeaLevel'/>
                        <Setting name='OreDensity' avg=':= 1 * 1 * _default_' range=':= _default_'/>
                        <Setting name='CloudThickness' avg=':= 1 * 1 * 1 * apenQuartzSize * _default_' range=':= 1 * 1 * 1 * apenQuartzSize  * _default_'/>
                        <Setting name='DistributionFrequency' avg=':= 1 * 2.5 * apenQuartzFreq *_default_'/>
                        <Replaces block='minecraft:stone'/>
                        
                        <!-- Begin Quartz Strategic Cloud Hint Veins -->
                        <Veins name='apenQuartzBaseHintVeins' block='appliedenergistics2:tile.OreQuartz' inherits='PresetHintVeins'>
                            <Description>
                                Single blocks, generously scattered through all heights (density is about that of vanilla iron ore). 
                                They will replace dirt and sandstone (but not grass or sand), so they can be found nearer  
                                to the surface than most ores.  Intened to be used as a child distribution for large, rare strategic  
                                deposits that would otherwise be very difficult to find. 
                            </Description>
                            <DrawWireframe>:=drawWireframes</DrawWireframe>
                            <WireframeColor>0x60E15003</WireframeColor>
                            <Replaces block='minecraft:dirt'/>
                            <Replaces block='minecraft:sandstone'/>
                            <Replaces block='minecraft:stone'/>
                        </Veins>
                        <!-- End Quartz Strategic Cloud Hint Veins -->

                    </Cloud>
                    
                
                </IfCondition>
                <!-- End  StrategicCloud distribution of Quartz -->
                
                
                <!-- Begin  Vanilla distribution of Quartz -->
                <IfCondition condition=':= apenQuartzDist = "vanillaStdGen"'>
                
                    <StandardGen name='apenQuartzBaseStandard' block='appliedenergistics2:tile.OreQuartz' inherits='PresetStandardGen'>
                        <Description>
                            This mimics vanilla ore generation.
                        </Description>
                        <DrawWireframe>:=drawWireframes</DrawWireframe>
                        <WireframeColor>0x60E15003</WireframeColor>
                        <Setting name='Size' avg=':= 1 * 1 * apenQuartzSize * _default_'/>
                        <Setting name='Height' avg=':= 43' range=':= 17' type='uniform'/> 
                        <Setting name='Frequency' avg=':= 1 * 1 * apenQuartzFreq * _default_'/>
                        <Replaces block='minecraft:stone'/>
                    </StandardGen>
                    
                
                </IfCondition>
                <!-- End  Vanilla distribution of Quartz -->
                
                <!-- End Quartz Generation --> 

                
                <!-- Begin Charged Quartz Generation --> 
                
                <!-- Begin LayeredVeins distribution of Charged Quartz -->
                <IfCondition condition=':= apenChargedQuartzDist = "layeredVeins"'>
                
                    <Veins name='apenChargedQuartzBaseVeins' block='appliedenergistics2:tile.OreQuartzCharged' inherits='PresetLayeredVeins'>
                        <Description>
                            Small, fairly rare motherlodes with 2-4 horizontal veins each.
                        </Description>
                        <DrawWireframe>:=drawWireframes</DrawWireframe>
                        <WireframeColor>0x60E15003</WireframeColor>
                        <Setting name='MotherlodeSize' avg=':= 1 * 1 * apenChargedQuartzSize * _default_' range=':= 1 * 1 * apenChargedQuartzSize * _default_'/>
                        <Setting name='MotherlodeHeight' avg=':= 43' range=':= 10.5' type='normal' scaleTo='SeaLevel'/> 
                        <Setting name='SegmentRadius' avg=':= 1 * 1 * apenChargedQuartzSize * _default_' range=':= 1 * 1 * apenChargedQuartzSize * _default_'/>
                        <Setting name='OreDensity' avg=':= 1 * 1 * _default_' range=':= _default_'/>
                        <Setting name='MotherlodeFrequency' avg=':= 1 * 0.5 * apenChargedQuartzFreq * _default_'/>
                        <Setting name='BranchHeightLimit' avg=':= 10.5'/>
                        <Replaces block='minecraft:stone'/>
                    </Veins>
                    
                    <!-- Begin Preferred Biome Distribution (Charged Quartz Layered Veins) Settings -->
                    <Veins name='apenChargedQuartzPrefersVeins' block='appliedenergistics2:tile.OreQuartzCharged' inherits='apenChargedQuartzBaseVeins'>
                        <Description>
                            Spawns 2 more times in preferred biomes.
                        </Description>
                        <DrawWireframe>:=drawWireframes</DrawWireframe>
                        <WireframeColor>0x60E15003</WireframeColor>
                        <Setting name='MotherlodeFrequency' avg=':= 2 * _default_'/>
                        <BiomeType name='Desert'/>
                    </Veins>
                    <!-- End Preferred Biome Distribution (Charged Quartz Layered Veins) Settings -->
                
                </IfCondition>
                <!-- End LayeredVeins distribution of Charged Quartz -->
                
                
                <!-- Begin  Small Deposits distribution of Charged Quartz -->
                <IfCondition condition=':= apenChargedQuartzDist = "smallDeposits"'>
                
                    <Veins name='apenChargedQuartzBaseVeins' block='appliedenergistics2:tile.OreQuartzCharged' inherits='PresetSmallDeposits'>
                        <Description>
                            Small motherlodes without any branches.
                            Similar to the deposits produced by StandardGen distributions.
                        </Description>
                        <DrawWireframe>:=drawWireframes</DrawWireframe>
                        <WireframeColor>0x60E15003</WireframeColor>
                        <Setting name='MotherlodeHeight' avg=':= 43' range=':= 10.5' type='normal' scaleTo='SeaLevel' /> 
                        <Setting name='MotherlodeSize' avg=':= 1 * 1 * apenChargedQuartzSize * _default_' range=':= 1 * 1 * apenChargedQuartzSize * _default_'/>
                        <Setting name='OreDensity' avg=':= 1 * 1 * _default_' range=':= _default_'/>
                        <Setting name='MotherlodeFrequency' avg=':= 1 * 0.5 * apenChargedQuartzFreq * _default_'/>
                        <Replaces block='minecraft:stone'/>
                    </Veins>
                    
                    <!-- Begin Preferred Biome Distribution (Charged Quartz Small Deposits) Settings -->
                    <Veins name='apenChargedQuartzPrefersVeins' block='appliedenergistics2:tile.OreQuartzCharged' inherits='apenChargedQuartzBaseVeins'>
                        <Description>
                            Spawns 2 more times in preferred biomes.
                        </Description>
                        <DrawWireframe>:=drawWireframes</DrawWireframe>
                        <WireframeColor>0x60E15003</WireframeColor>
                        <Setting name='MotherlodeFrequency' avg=':= 2 * _default_'/>
                        <BiomeType name='Desert'/>
                    </Veins>
                    <!-- End Preferred Biome Distribution (Charged Quartz Small Deposits) Settings -->
                
                </IfCondition>
                <!-- End  Small Deposits distribution of Charged Quartz -->
                
                
                <!-- Begin  Huge Veins distribution of Charged Quartz -->
                <IfCondition condition=':= apenChargedQuartzDist = "hugeVeins"'>
                
                    <Veins name='apenChargedQuartzBaseVeins' block='appliedenergistics2:tile.OreQuartzCharged' inherits='PresetLayeredVeins'>
                        <Description>
                            Very large, extremely rare motherlodes.  Each motherlode has many long slender branches - so thin that
                            parts of the branch won't contain any ore at all.  This, combined with the incredible length of the
                            branches, makes them more challenging to follow underground.  Once found, however, a motherlode contains
                            enough ore to keep a player supplied for a very long time.
                            The rarity of these veins might be too frustrating in a single-player setting.  In SMP, though, teamwork 
                            could make finding them much easier and the motherlodes are big enough to supply several people without
                            shortage.  This might be a good way to add challenge to multiplayer worlds.
                            Credit: based on feedback by dyrewulf from the MC forums.
                        </Description>
                        <DrawWireframe>:=drawWireframes</DrawWireframe>
                        <WireframeColor>0x60E15003</WireframeColor>
                        <Setting name='MotherlodeSize' avg=':= 1 * 1 * apenChargedQuartzSize * _default_' range=':= 1 * 1 * apenChargedQuartzSize * _default_'/>
                        <Setting name='MotherlodeHeight' avg=':= 43' range=':= 10.5' type='normal' scaleTo='SeaLevel' /> 
                        <Setting name='SegmentRadius' avg=':= 1 * 1 * apenChargedQuartzSize * _default_' range=':= 1 * 1 * apenChargedQuartzSize * _default_'/>
                        <Setting name='OreDensity' avg=':= 1 * 1 * _default_' range=':= _default_'/>
                        <Setting name='MotherlodeFrequency' avg=':= 1 * 0.5 * apenChargedQuartzFreq * _default_'/>
                        <Setting name='BranchHeightLimit' avg=':= 10.5'/>
                        <Replaces block='minecraft:stone'/>
                        
                        <!-- Begin Charged Quartz Huge Vein Hint Veins -->
                        <Veins name='apenChargedQuartzBaseHintVeins' block='appliedenergistics2:tile.OreQuartzCharged' inherits='PresetHintVeins'>
                            <Description>
                                Single blocks, generously scattered through all heights (density is about that of vanilla iron ore). 
                                They will replace dirt and sandstone (but not grass or sand), so they can be found nearer  
                                to the surface than most ores.  Intened to be used as a child distribution for large, rare strategic  
                                deposits that would otherwise be very difficult to find. 
                            </Description>
                            <DrawWireframe>:=drawWireframes</DrawWireframe>
                            <WireframeColor>0x60E15003</WireframeColor>
                            <Replaces block='minecraft:dirt'/>
                            <Replaces block='minecraft:sandstone'/>
                            <Replaces block='minecraft:stone'/>
                        </Veins>
                        <!-- End Charged Quartz Huge Vein Hint Veins -->

                    </Veins>
                    
                    <!-- Begin Preferred Biome Distribution (Charged Quartz Huge Veins) Settings -->
                    <Veins name='apenChargedQuartzPrefersVeins' block='appliedenergistics2:tile.OreQuartzCharged' inherits='apenChargedQuartzBaseVeins'>
                        <Description>
                            Spawns 2 more times in preferred biomes.
                        </Description>
                        <DrawWireframe>:=drawWireframes</DrawWireframe>
                        <WireframeColor>0x60E15003</WireframeColor>
                        <Setting name='MotherlodeFrequency' avg=':= 2 * _default_'/>
                        <BiomeType name='Desert'/>
                        
                        <!-- Begin Charged Quartz Huge Vein Hint Veins -->
                        <Veins name='apenChargedQuartzPrefersHintVeins' block='appliedenergistics2:tile.OreQuartzCharged' inherits='apenChargedQuartzBaseHintVeins'>
                            <Description>
                                Spawns 2 more times in preferred biomes.
                            </Description>
                            <DrawWireframe>:=drawWireframes</DrawWireframe>
                            <WireframeColor>0x60E15003</WireframeColor>
                            <Replaces block='minecraft:dirt'/>
                            <Replaces block='minecraft:sandstone'/>
                            <Replaces block='minecraft:stone'/>
                            <BiomeType name='Desert'/>
                        </Veins>
                        <!-- End Charged Quartz Huge Vein Hint Veins -->

                    </Veins>
                    <!-- End Preferred Biome Distribution (Charged Quartz Huge Veins) Settings -->
                
                </IfCondition>
                <!-- End  Huge Veins distribution of Charged Quartz -->
                
                
                <!-- Begin  StrategicCloud distribution of Charged Quartz -->
                <IfCondition condition=':= apenChargedQuartzDist = "strategicCloud"'>
                
                    <Cloud name='apenChargedQuartzBaseCloud' block='appliedenergistics2:tile.OreQuartzCharged' inherits='PresetStrategicCloud'>
                        <Description>
                            Large irregular clouds filled lightly with ore.  These are huge, spanning several 
                            adjacent chunks, and consequently rather rare.  They contain a sizeable amount of 
                            ore, but it takes some time and effort to mine due to low density.
                            The intent for strategic clouds is that the player will need to actively search for
                            one and then set up a semi-permanent mining base and spend some time actually mining
                            the ore.
                        </Description>
                        <DrawWireframe>:=drawWireframes</DrawWireframe>
                        <WireframeColor>0x60E15003</WireframeColor>
                        <Setting name='CloudRadius' avg=':= 1 * 1 * apenChargedQuartzSize * _default_' range=':= 1 * 1 * apenChargedQuartzSize * _default_'/>
                        <Setting name='CloudThickness' avg=':= 1 * 1 * apenChargedQuartzSize * _default_' range=':= 1 * 1 * apenChargedQuartzSize * _default_'/>
                        <Setting name='CloudHeight' avg=':= 43' range=':= 17' type='normal' scaleTo='SeaLevel'/>
                        <Setting name='OreDensity' avg=':= 1 * 1 * _default_' range=':= _default_'/>
                        <Setting name='CloudThickness' avg=':= 1 * 1 * 1 * apenChargedQuartzSize * _default_' range=':= 1 * 1 * 1 * apenChargedQuartzSize  * _default_'/>
                        <Setting name='DistributionFrequency' avg=':= 1 * 2 * apenChargedQuartzFreq *_default_'/>
                        <Replaces block='minecraft:stone'/>
                        
                        <!-- Begin Charged Quartz Strategic Cloud Hint Veins -->
                        <Veins name='apenChargedQuartzBaseHintVeins' block='appliedenergistics2:tile.OreQuartzCharged' inherits='PresetHintVeins'>
                            <Description>
                                Single blocks, generously scattered through all heights (density is about that of vanilla iron ore). 
                                They will replace dirt and sandstone (but not grass or sand), so they can be found nearer  
                                to the surface than most ores.  Intened to be used as a child distribution for large, rare strategic  
                                deposits that would otherwise be very difficult to find. 
                            </Description>
                            <DrawWireframe>:=drawWireframes</DrawWireframe>
                            <WireframeColor>0x60E15003</WireframeColor>
                            <Replaces block='minecraft:dirt'/>
                            <Replaces block='minecraft:sandstone'/>
                            <Replaces block='minecraft:stone'/>
                        </Veins>
                        <!-- End Charged Quartz Strategic Cloud Hint Veins -->

                    </Cloud>
                    
                
                </IfCondition>
                <!-- End  StrategicCloud distribution of Charged Quartz -->
                
                
                <!-- Begin  Vanilla distribution of Charged Quartz -->
                <IfCondition condition=':= apenChargedQuartzDist = "vanillaStdGen"'>
                
                    <StandardGen name='apenChargedQuartzBaseStandard' block='appliedenergistics2:tile.OreQuartzCharged' inherits='PresetStandardGen'>
                        <Description>
                            This mimics vanilla ore generation.
                        </Description>
                        <DrawWireframe>:=drawWireframes</DrawWireframe>
                        <WireframeColor>0x60E15003</WireframeColor>
                        <Setting name='Size' avg=':= 1 * 1 * apenChargedQuartzSize * _default_'/>
                        <Setting name='Height' avg=':= 43' range=':= 17' type='uniform'/> 
                        <Setting name='Frequency' avg=':= 1 * 1 * apenChargedQuartzFreq * _default_'/>
                        <Replaces block='minecraft:stone'/>
                    </StandardGen>
                    
                
                </IfCondition>
                <!-- End  Vanilla distribution of Charged Quartz -->
                
                <!-- End Charged Quartz Generation --> 

                <!-- Done adding ores -->
            
            </IfCondition>
            <!-- Overworld Setup Complete -->


 
 
        
        </ConfigSection>
        <!-- Custom Ore Gen Configuration Complete! -->
    
    </IfModInstalled> 
 


<!-- This file was made using the Sprocket Configuration Generator. -->