{"stat.useItem.351":11,"stat.walkOneCm":26177,"stat.leaveGame":1,"stat.mineBlock.85":3,"stat.mineBlock.18":1,"stat.mineBlock.17":4,"stat.jump":15,"stat.useItem.126":40,"achievement.mineWood":4,"stat.craftItem.126":6,"achievement.exploreAllBiomes":{"value":0,"progress":["Plains"]},"stat.useItem.85":5,"stat.craftItem.85":2,"achievement.openInventory":58,"stat.craftItem.5":17,"stat.craftItem.280":4,"stat.mineBlock.3":1,"stat.mineBlock.6":1,"stat.useItem.54":1,"stat.flyOneCm":3952,"stat.useItem.6":6,"stat.useItem.143":1,"stat.drop":2,"stat.playOneMinute":56274,"stat.useItem.3":107,"stat.useItem.58":1}