<!-- =================================================================
     Custom Ore Generation "Fossils and Archaeology" Module: This
     configuration covers fossils, mountain fossils, permafrost, and
     mountain permafrost.
     ================================================================= -->


<!-- A mod focused around the science of archaeology (and genetics).
     Configuration by Reteo. -->




<!-- Is the "Fossils and Archaeology" mod on the system?  Let's find
     out! -->
<IfModInstalled name="fossil">

  <!-- Starting Configuration for Custom Ore Generation. -->
  <ConfigSection>





    <!-- Setup Screen Configuration -->
    <ConfigSection>
      <OptionDisplayGroup name='groupFossilsandArchaeology' displayName='Fossils and Archaeology' displayState='shown'>
        <Description>
          Distribution options for Fossils and Archaeology Ores.
        </Description>
      </OptionDisplayGroup>
      <OptionChoice name='enableFossilsandArchaeology' displayName='Handle Fossils and Archaeology Setup?' default='true' displayState='shown_dynamic' displayGroup='groupFossilsandArchaeology'>
        <Description> Should Custom Ore Generation handle Fossils and Archaeology ore generation? </Description>
        <Choice value=':= ?true' displayValue='Yes' description='Use Custom Ore Generation to handle Fossils and Archaeology ores.'/>
        <Choice value=':= ?false' displayValue='No' description='Fossils and Archaeology ores will be handled by the mod itself.'/>
      </OptionChoice>
      <OptionChoice name='cleanUpFossilsandArchaeology' displayName='Use Fossils and Archaeology Cleanup?' default='true' displayState='shown_dynamic' displayGroup='groupFossilsandArchaeology'>
        <Description> Should Custom Ore Generation use the Substitution Pass to remove all instances of Fossils and Archaeology ore from the world?  If the mod's oregen can be turned off in its configuration, then it's recommended to do so, as the substitution pass can slow the game significantly.  If this option is disabled without disabling the mod's own ore generation, you'll end up with two oregens working at once, flooding the world with ore.  Enabled by default to ensure the ores are completely removed. </Description>
        <Choice value=':= ?true' displayValue='Yes' description='Use the substitution pass to clean up Fossils and Archaeology ores.'/>
        <Choice value=':= ?false' displayValue='No' description='Fossils and Archaeology ores do not need to be cleaned up by a substitution pass.'/>
      </OptionChoice>

      <!-- Fossils Configuration UI Starting -->
      <ConfigSection>
        <OptionChoice name='fsarFossilsDist'  displayState=':= if(?enableFossilsandArchaeology, "shown", "hidden")' displayGroup='groupFossilsandArchaeology'>
          <Description> Controls how Fossils is generated </Description>
          <DisplayName>Fossils and Archaeology Fossils</DisplayName>
          <IfCondition condition=':= (?blockExists("fossil:fossil")) '>

          <Choice value='StratumClouds' displayValue='Strata'>
            <Description>
              Wide, thin, and flat disks of ore.
            </Description>
          </Choice>
          </IfCondition>

          <IfCondition condition=':= (?blockExists("fossil:fossil")) '>

          <Choice value='SparseVeins' displayValue='Sparse Veins'>
            <Description>
              Large veins filled very lightly with ore.
            </Description>
          </Choice>
          </IfCondition>

          <IfCondition condition=':= (?blockExists("fossil:fossil")) '>

          <Choice value='Vanilla' displayValue='Vanilla'>
            <Description>
              Simulates Vanilla Minecraft.
            </Description>
          </Choice>
          </IfCondition>

          <Choice value='none' displayValue='None' description='Fossils is not generated in the world.'/>
        </OptionChoice>
        <OptionNumeric name='fsarFossilsFreq' default='1'  min='0' max='5' displayState=':= if(?enableFossilsandArchaeology, if(?advOptions, "shown", "hidden"), "hidden")' displayGroup='groupFossilsandArchaeology'>
          <Description> Frequency multiplier for Fossils and Archaeology Fossils distributions </Description>
          <DisplayName>Fossils and Archaeology Fossils Freq.</DisplayName>
        </OptionNumeric>
        <OptionNumeric name='fsarFossilsSize' default='1'  min='0' max='5' displayState=':= if(?enableFossilsandArchaeology, if(?advOptions, "shown", "hidden"), "hidden")' displayGroup='groupFossilsandArchaeology'>
          <Description> Size multiplier for Fossils and Archaeology Fossils distributions </Description>
          <DisplayName>Fossils and Archaeology Fossils Size</DisplayName>
        </OptionNumeric>
      </ConfigSection>
      <!-- Fossils Configuration UI Complete -->


      <!-- Mountain Fossils Configuration UI Starting -->
      <ConfigSection>
        <OptionChoice name='fsarMountainFossilsDist'  displayState=':= if(?enableFossilsandArchaeology, "shown", "hidden")' displayGroup='groupFossilsandArchaeology'>
          <Description> Controls how Mountain Fossils is generated </Description>
          <DisplayName>Fossils and Archaeology Mountain Fossils</DisplayName>
          <IfCondition condition=':= (?blockExists("fossil:fossil")) '>

          <Choice value='StratumClouds' displayValue='Strata'>
            <Description>
              Wide, thin, and flat disks of ore.
            </Description>
          </Choice>
          </IfCondition>

          <IfCondition condition=':= (?blockExists("fossil:fossil")) '>

          <Choice value='SparseVeins' displayValue='Sparse Veins'>
            <Description>
              Large veins filled very lightly with ore.
            </Description>
          </Choice>
          </IfCondition>

          <IfCondition condition=':= (?blockExists("fossil:fossil")) '>

          <Choice value='Vanilla' displayValue='Vanilla'>
            <Description>
              Simulates Vanilla Minecraft.
            </Description>
          </Choice>
          </IfCondition>

          <Choice value='none' displayValue='None' description='Mountain Fossils is not generated in the world.'/>
        </OptionChoice>
        <OptionNumeric name='fsarMountainFossilsFreq' default='1'  min='0' max='5' displayState=':= if(?enableFossilsandArchaeology, if(?advOptions, "shown", "hidden"), "hidden")' displayGroup='groupFossilsandArchaeology'>
          <Description> Frequency multiplier for Fossils and Archaeology Mountain Fossils distributions </Description>
          <DisplayName>Fossils and Archaeology Mountain Fossils Freq.</DisplayName>
        </OptionNumeric>
        <OptionNumeric name='fsarMountainFossilsSize' default='1'  min='0' max='5' displayState=':= if(?enableFossilsandArchaeology, if(?advOptions, "shown", "hidden"), "hidden")' displayGroup='groupFossilsandArchaeology'>
          <Description> Size multiplier for Fossils and Archaeology Mountain Fossils distributions </Description>
          <DisplayName>Fossils and Archaeology Mountain Fossils Size</DisplayName>
        </OptionNumeric>
      </ConfigSection>
      <!-- Mountain Fossils Configuration UI Complete -->


      <!-- Permafrost Configuration UI Starting -->
      <ConfigSection>
        <OptionChoice name='fsarPermafrostDist'  displayState=':= if(?enableFossilsandArchaeology, "shown", "hidden")' displayGroup='groupFossilsandArchaeology'>
          <Description> Controls how Permafrost is generated </Description>
          <DisplayName>Fossils and Archaeology Permafrost</DisplayName>
          <IfCondition condition=':= (?blockExists("fossil:permafrost")) '>

          <Choice value='StratumClouds' displayValue='Strata'>
            <Description>
              Wide, thin, and flat disks of ore.
            </Description>
          </Choice>
          </IfCondition>

          <IfCondition condition=':= (?blockExists("fossil:permafrost")) '>

          <Choice value='SparseVeins' displayValue='Sparse Veins'>
            <Description>
              Large veins filled very lightly with ore.
            </Description>
          </Choice>
          </IfCondition>

          <IfCondition condition=':= (?blockExists("fossil:permafrost")) '>

          <Choice value='Vanilla' displayValue='Vanilla'>
            <Description>
              Simulates Vanilla Minecraft.
            </Description>
          </Choice>
          </IfCondition>

          <Choice value='none' displayValue='None' description='Permafrost is not generated in the world.'/>
        </OptionChoice>
        <OptionNumeric name='fsarPermafrostFreq' default='1'  min='0' max='5' displayState=':= if(?enableFossilsandArchaeology, if(?advOptions, "shown", "hidden"), "hidden")' displayGroup='groupFossilsandArchaeology'>
          <Description> Frequency multiplier for Fossils and Archaeology Permafrost distributions </Description>
          <DisplayName>Fossils and Archaeology Permafrost Freq.</DisplayName>
        </OptionNumeric>
        <OptionNumeric name='fsarPermafrostSize' default='1'  min='0' max='5' displayState=':= if(?enableFossilsandArchaeology, if(?advOptions, "shown", "hidden"), "hidden")' displayGroup='groupFossilsandArchaeology'>
          <Description> Size multiplier for Fossils and Archaeology Permafrost distributions </Description>
          <DisplayName>Fossils and Archaeology Permafrost Size</DisplayName>
        </OptionNumeric>
      </ConfigSection>
      <!-- Permafrost Configuration UI Complete -->


      <!-- Mountain Permafrost Configuration UI Starting -->
      <ConfigSection>
        <OptionChoice name='fsarMountainPermafrostDist'  displayState=':= if(?enableFossilsandArchaeology, "shown", "hidden")' displayGroup='groupFossilsandArchaeology'>
          <Description> Controls how Mountain Permafrost is generated </Description>
          <DisplayName>Fossils and Archaeology Mountain Permafrost</DisplayName>
          <IfCondition condition=':= (?blockExists("fossil:permafrost")) '>

          <Choice value='StratumClouds' displayValue='Strata'>
            <Description>
              Wide, thin, and flat disks of ore.
            </Description>
          </Choice>
          </IfCondition>

          <IfCondition condition=':= (?blockExists("fossil:permafrost")) '>

          <Choice value='SparseVeins' displayValue='Sparse Veins'>
            <Description>
              Large veins filled very lightly with ore.
            </Description>
          </Choice>
          </IfCondition>

          <IfCondition condition=':= (?blockExists("fossil:permafrost")) '>

          <Choice value='Vanilla' displayValue='Vanilla'>
            <Description>
              Simulates Vanilla Minecraft.
            </Description>
          </Choice>
          </IfCondition>

          <Choice value='none' displayValue='None' description='Mountain Permafrost is not generated in the world.'/>
        </OptionChoice>
        <OptionNumeric name='fsarMountainPermafrostFreq' default='1'  min='0' max='5' displayState=':= if(?enableFossilsandArchaeology, if(?advOptions, "shown", "hidden"), "hidden")' displayGroup='groupFossilsandArchaeology'>
          <Description> Frequency multiplier for Fossils and Archaeology Mountain Permafrost distributions </Description>
          <DisplayName>Fossils and Archaeology Mountain Permafrost Freq.</DisplayName>
        </OptionNumeric>
        <OptionNumeric name='fsarMountainPermafrostSize' default='1'  min='0' max='5' displayState=':= if(?enableFossilsandArchaeology, if(?advOptions, "shown", "hidden"), "hidden")' displayGroup='groupFossilsandArchaeology'>
          <Description> Size multiplier for Fossils and Archaeology Mountain Permafrost distributions </Description>
          <DisplayName>Fossils and Archaeology Mountain Permafrost Size</DisplayName>
        </OptionNumeric>
      </ConfigSection>
      <!-- Mountain Permafrost Configuration UI Complete -->

    </ConfigSection>
    <!-- Setup Screen Complete -->

    <IfCondition condition=':= ?enableFossilsandArchaeology'>




      <!-- Overworld Setup Beginning -->

      <IfCondition condition=':= ?COGActive'>

        <!-- Starting Original "Overworld" Block Removal -->

        <IfCondition condition=':= ?cleanUpFossilsandArchaeology'>
          <IfCondition condition=':= ?blockExists("minecraft:stone")'>
            <Substitute name='fsarOverworldBlockSubstitute0' block='minecraft:stone'>
              <Description>
                Replace vanilla-generated ore clusters.
              </Description>
              <Comment>
                The global option  deferredPopulationRange must be
                large enough to catch all ore  clusters (>= 32).
              </Comment>
              <Replaces block='fossil:fossil' weight='1.0' />
              <Replaces block='fossil:permafrost' weight='1.0' />
            </Substitute>
          </IfCondition>
        </IfCondition>

        <!-- Original "Overworld" Block Removal Complete -->

        <!-- Adding blocks -->

        <!-- Begin Fossils Generation -->

        <!-- Starting StratumClouds Preset for Fossils. -->
        <ConfigSection>
          <IfCondition condition=':= fsarFossilsDist = "StratumClouds"'>
            <Cloud name='fsarFossilsCloud'  inherits='PresetStratum' drawWireframe='true' wireframeColor='0x60FEFDDF' drawBoundBox='false' boundBoxColor='0x60FEFDDF'>
              <Description>
                Wide, thin, and flat disks of  ore.  Primarily, this
                distribution is meant to provide  realistic
                distribution of stone  in a strata formation.
              </Description>
              <OreBlock block='fossil:fossil' weight='1.0' />
              <ReplacesOre block='stone' weight='1.0' />
              <Biome name='.*'  />
              <Setting name='CloudRadius' avg=':= 1.435 * _default_ * fsarFossilsSize ' range=':= 1.435 * _default_ * fsarFossilsSize ' type='normal' />
              <Setting name='CloudThickness' avg=':= 1.435 * _default_ * fsarFossilsSize ' range=':= 1.435 * _default_ * fsarFossilsSize ' type='normal' scaleTo='base' />
              <Setting name='DistributionFrequency' avg=':= 2.059 * _default_ * fsarFossilsFreq ' range=':= 2.059 * _default_ * fsarFossilsFreq ' type='normal' scaleTo='base' />
              <Setting name='CloudHeight' avg=':= 53 ' range=':= 47 ' type='normal' scaleTo='base' />
              <Setting name='ParentRangeLimit' avg=':= _default_ ' range=':= _default_ ' type='normal' />
              <Setting name='CloudSizeNoise' avg=':= _default_ ' range=':= _default_ ' type='normal' />
              <Setting name='CloudInclination' avg=':= _default_ ' range=':= _default_ ' type='normal' />
              <Setting name='OreDensity' avg=':= 0.01 * _default_ ' range=':= 0.01 * _default_ ' type='normal' scaleTo='base' />
              <Setting name='OreVolumeNoiseCutoff' avg=':= _default_ ' range=':= _default_ ' type='normal' />
              <Setting name='OreRadiusMult' avg=':= _default_ ' range=':= _default_ ' type='normal' />
            </Cloud>

            <!-- Beginning "Preferred" configuration. -->
            <Cloud name='fsarFossilsPreferredCloud'  inherits='PresetStratum' drawWireframe='true' wireframeColor='0x60FEFDDF' drawBoundBox='false' boundBoxColor='0x60FEFDDF'>
              <Description>
                Ore generation is doubled in  preferred biomes.
              </Description>
              <OreBlock block='fossil:fossil' weight='1.0' />
              <ReplacesOre block='stone' weight='1.0' />
              <BiomeType name='Swamp'  />
              <BiomeType name='desert'  />
              <Setting name='CloudRadius' avg=':= 1.435 * _default_ * fsarFossilsSize ' range=':= 1.435 * _default_ * fsarFossilsSize ' type='normal' />
              <Setting name='CloudThickness' avg=':= 1.435 * _default_ * fsarFossilsSize ' range=':= 1.435 * _default_ * fsarFossilsSize ' type='normal' scaleTo='base' />
              <Setting name='DistributionFrequency' avg=':= 2.059 * _default_ * fsarFossilsFreq ' range=':= 2.059 * _default_ * fsarFossilsFreq ' type='normal' scaleTo='base' />
              <Setting name='CloudHeight' avg=':= 53 ' range=':= 47 ' type='normal' scaleTo='base' />
              <Setting name='ParentRangeLimit' avg=':= _default_ ' range=':= _default_ ' type='normal' />
              <Setting name='CloudSizeNoise' avg=':= _default_ ' range=':= _default_ ' type='normal' />
              <Setting name='CloudInclination' avg=':= _default_ ' range=':= _default_ ' type='normal' />
              <Setting name='OreDensity' avg=':= 0.01 * _default_ ' range=':= 0.01 * _default_ ' type='normal' scaleTo='base' />
              <Setting name='OreVolumeNoiseCutoff' avg=':= _default_ ' range=':= _default_ ' type='normal' />
              <Setting name='OreRadiusMult' avg=':= _default_ ' range=':= _default_ ' type='normal' />
            </Cloud>
            <!-- "Preferred" configuration complete. -->

          </IfCondition>
        </ConfigSection>
        <!-- StratumClouds Preset for Fossils is complete. -->


        <!-- Starting SparseVeins Preset for Fossils. -->
        <ConfigSection>
          <IfCondition condition=':= fsarFossilsDist = "SparseVeins"'>
            <Veins name='fsarFossilsVeins'  inherits='PresetSparseVeins' branchType='Bezier' drawWireframe='true' wireframeColor='0x60FEFDDF' drawBoundBox='false' boundBoxColor='0x60FEFDDF'>
              <Description>
                Large veins filled very lightly  with ore.  Because
                they contain  less ore per volume, these veins  are
                relatively wide and long.  Mining the ore from them is
                time  consuming compared to solid ore  veins.  They
                are also more  difficult to follow, since it is
                harder to get an idea of their  direction while
                mining.
              </Description>
              <OreBlock block='fossil:fossil' weight='1.0' />
              <ReplacesOre block='stone' weight='1.0' />
              <Biome name='.*'  />
              <Setting name='MotherlodeFrequency' avg=':= 7.552 * _default_ * fsarFossilsFreq ' range=':= 7.552 * _default_ * fsarFossilsFreq ' type='normal' scaleTo='base' />
              <Setting name='MotherlodeSize' avg=':= 0 * _default_ * fsarFossilsSize ' range=':= 0 * _default_ * fsarFossilsSize ' type='normal' />
              <Setting name='MotherlodeHeight' avg=':= 53 ' range=':= 47 ' type='normal' scaleTo='base' />
              <Setting name='MotherlodeRangeLimit' avg=':= _default_ ' range=':= _default_ ' type='normal' />
              <Setting name='BranchFrequency' avg=':= _default_ ' range=':= _default_ ' type='normal' />
              <Setting name='BranchInclination' avg=':= _default_ ' range=':= _default_ ' type='normal' />
              <Setting name='BranchLength' avg=':= 2.748 * _default_ ' range=':= 2.748 * _default_ ' type='normal' />
              <Setting name='BranchHeightLimit' avg=':= _default_ ' range=':= _default_ ' type='normal' scaleTo='base' />
              <Setting name='SegmentForkFrequency' avg=':= _default_ ' range=':= _default_ ' type='normal' />
              <Setting name='SegmentForkLengthMult' avg=':= _default_ ' range=':= _default_ ' type='normal' />
              <Setting name='SegmentLength' avg=':= _default_ * fsarFossilsSize ' range=':= _default_ * fsarFossilsSize ' type='normal' />
              <Setting name='SegmentAngle' avg=':= _default_ ' range=':= _default_ ' type='normal' />
              <Setting name='SegmentPitch' avg=':= _default_ ' range=':= _default_ ' type='normal' />
              <Setting name='SegmentRadius' avg=':= 1.658 * _default_ * fsarFossilsSize ' range=':= 1.658 * _default_ * fsarFossilsSize ' type='normal' />
              <Setting name='OreDensity' avg=':= _default_ ' range=':= _default_ ' type='normal' />
              <Setting name='OreRadiusMult' avg=':= _default_ ' range=':= _default_ ' type='normal' />
            </Veins>

            <!-- Beginning "Preferred" configuration. -->
            <Veins name='fsarFossilsPreferredVeins'  inherits='PresetSparseVeins' branchType='Bezier' drawWireframe='true' wireframeColor='0x60FEFDDF' drawBoundBox='false' boundBoxColor='0x60FEFDDF'>
              <Description>
                Ore generation is doubled in  preferred biomes.
              </Description>
              <OreBlock block='fossil:fossil' weight='1.0' />
              <ReplacesOre block='stone' weight='1.0' />
              <BiomeType name='Swamp'  />
              <BiomeType name='desert'  />
              <Setting name='MotherlodeFrequency' avg=':= 7.552 * _default_ * fsarFossilsFreq ' range=':= 7.552 * _default_ * fsarFossilsFreq ' type='normal' scaleTo='base' />
              <Setting name='MotherlodeSize' avg=':= 0 * _default_ * fsarFossilsSize ' range=':= 0 * _default_ * fsarFossilsSize ' type='normal' />
              <Setting name='MotherlodeHeight' avg=':= 53 ' range=':= 47 ' type='normal' scaleTo='base' />
              <Setting name='MotherlodeRangeLimit' avg=':= _default_ ' range=':= _default_ ' type='normal' />
              <Setting name='BranchFrequency' avg=':= _default_ ' range=':= _default_ ' type='normal' />
              <Setting name='BranchInclination' avg=':= _default_ ' range=':= _default_ ' type='normal' />
              <Setting name='BranchLength' avg=':= 2.748 * _default_ ' range=':= 2.748 * _default_ ' type='normal' />
              <Setting name='BranchHeightLimit' avg=':= _default_ ' range=':= _default_ ' type='normal' scaleTo='base' />
              <Setting name='SegmentForkFrequency' avg=':= _default_ ' range=':= _default_ ' type='normal' />
              <Setting name='SegmentForkLengthMult' avg=':= _default_ ' range=':= _default_ ' type='normal' />
              <Setting name='SegmentLength' avg=':= _default_ * fsarFossilsSize ' range=':= _default_ * fsarFossilsSize ' type='normal' />
              <Setting name='SegmentAngle' avg=':= _default_ ' range=':= _default_ ' type='normal' />
              <Setting name='SegmentPitch' avg=':= _default_ ' range=':= _default_ ' type='normal' />
              <Setting name='SegmentRadius' avg=':= 1.658 * _default_ * fsarFossilsSize ' range=':= 1.658 * _default_ * fsarFossilsSize ' type='normal' />
              <Setting name='OreDensity' avg=':= _default_ ' range=':= _default_ ' type='normal' />
              <Setting name='OreRadiusMult' avg=':= _default_ ' range=':= _default_ ' type='normal' />
            </Veins>
            <!-- "Preferred" configuration complete. -->

          </IfCondition>
        </ConfigSection>
        <!-- SparseVeins Preset for Fossils is complete. -->


        <!-- Starting Vanilla Preset for Fossils. -->
        <ConfigSection>
          <IfCondition condition=':= fsarFossilsDist = "Vanilla"'>
            <StandardGen name='fsarFossilsStandard'  inherits='PresetStandardGen' drawWireframe='true' wireframeColor='0x60FEFDDF' drawBoundBox='false' boundBoxColor='0x60FEFDDF'>
              <Description>
                A master preset for standardgen  ore distributions.
              </Description>
              <OreBlock block='fossil:fossil' weight='1.0' />
              <ReplacesOre block='stone' weight='1.0' />
              <Biome name='.*'  />
              <Setting name='Size' avg=':= 5.333 * fsarFossilsSize ' range=':= 2.67 * fsarFossilsSize ' type='normal' />
              <Setting name='Frequency' avg=':= 25.333 * fsarFossilsFreq ' range=':= 12.67 * fsarFossilsFreq ' type='normal' scaleTo='base' />
              <Setting name='Height' avg=':= 53 ' range=':= 47 ' type='normal' scaleTo='base' />
              <Setting name='ParentRangeLimit' avg=':= _default_ ' range=':= _default_ ' type='normal' />
            </StandardGen>
          </IfCondition>
        </ConfigSection>
        <!-- Vanilla Preset for Fossils is complete. -->

        <!-- End Fossils Generation -->


        <!-- Begin Mountain Fossils Generation -->

        <!-- Starting StratumClouds Preset for Mountain  Fossils. -->
        <ConfigSection>
          <IfCondition condition=':= fsarMountainFossilsDist = "StratumClouds"'>
            <Cloud name='fsarMountainFossilsCloud'  inherits='PresetStratum' drawWireframe='true' wireframeColor='0x60FEFDDF' drawBoundBox='false' boundBoxColor='0x60FEFDDF'>
              <Description>
                Wide, thin, and flat disks of  ore.  Primarily, this
                distribution is meant to provide  realistic
                distribution of stone  in a strata formation.
              </Description>
              <OreBlock block='fossil:fossil' weight='1.0' />
              <ReplacesOre block='stone' weight='1.0' />
              <BiomeType name='Mountain'  />
              <Setting name='CloudRadius' avg=':= 1.435 * _default_ * fsarMountainFossilsSize ' range=':= 1.435 * _default_ * fsarMountainFossilsSize ' type='normal' />
              <Setting name='CloudThickness' avg=':= 1.435 * _default_ * fsarMountainFossilsSize ' range=':= 1.435 * _default_ * fsarMountainFossilsSize ' type='normal' scaleTo='base' />
              <Setting name='DistributionFrequency' avg=':= 2.059 * _default_ * fsarMountainFossilsFreq ' range=':= 2.059 * _default_ * fsarMountainFossilsFreq ' type='normal' scaleTo='base' />
              <Setting name='CloudHeight' avg=':= 223 ' range=':= 141 ' type='normal' scaleTo='base' />
              <Setting name='ParentRangeLimit' avg=':= _default_ ' range=':= _default_ ' type='normal' />
              <Setting name='CloudSizeNoise' avg=':= _default_ ' range=':= _default_ ' type='normal' />
              <Setting name='CloudInclination' avg=':= _default_ ' range=':= _default_ ' type='normal' />
              <Setting name='OreDensity' avg=':= 0.01 * _default_ ' range=':= 0.01 * _default_ ' type='normal' scaleTo='base' />
              <Setting name='OreVolumeNoiseCutoff' avg=':= _default_ ' range=':= _default_ ' type='normal' />
              <Setting name='OreRadiusMult' avg=':= _default_ ' range=':= _default_ ' type='normal' />
            </Cloud>

            <!-- Beginning "Preferred" configuration. -->
            <Cloud name='fsarMountainFossilsPreferredCloud'  inherits='PresetStratum' drawWireframe='true' wireframeColor='0x60FEFDDF' drawBoundBox='false' boundBoxColor='0x60FEFDDF'>
              <Description>
                Ore generation is doubled in  preferred biomes.
              </Description>
              <OreBlock block='fossil:fossil' weight='1.0' />
              <ReplacesOre block='stone' weight='1.0' />
              <BiomeType name='Swamp'  />
              <BiomeType name='desert'  />
              <Setting name='CloudRadius' avg=':= 1.435 * _default_ * fsarMountainFossilsSize ' range=':= 1.435 * _default_ * fsarMountainFossilsSize ' type='normal' />
              <Setting name='CloudThickness' avg=':= 1.435 * _default_ * fsarMountainFossilsSize ' range=':= 1.435 * _default_ * fsarMountainFossilsSize ' type='normal' scaleTo='base' />
              <Setting name='DistributionFrequency' avg=':= 2.059 * _default_ * fsarMountainFossilsFreq ' range=':= 2.059 * _default_ * fsarMountainFossilsFreq ' type='normal' scaleTo='base' />
              <Setting name='CloudHeight' avg=':= 223 ' range=':= 141 ' type='normal' scaleTo='base' />
              <Setting name='ParentRangeLimit' avg=':= _default_ ' range=':= _default_ ' type='normal' />
              <Setting name='CloudSizeNoise' avg=':= _default_ ' range=':= _default_ ' type='normal' />
              <Setting name='CloudInclination' avg=':= _default_ ' range=':= _default_ ' type='normal' />
              <Setting name='OreDensity' avg=':= 0.01 * _default_ ' range=':= 0.01 * _default_ ' type='normal' scaleTo='base' />
              <Setting name='OreVolumeNoiseCutoff' avg=':= _default_ ' range=':= _default_ ' type='normal' />
              <Setting name='OreRadiusMult' avg=':= _default_ ' range=':= _default_ ' type='normal' />
            </Cloud>
            <!-- "Preferred" configuration complete. -->

          </IfCondition>
        </ConfigSection>
        <!-- StratumClouds Preset for Mountain Fossils is  complete. -->


        <!-- Starting SparseVeins Preset for Mountain Fossils. -->
        <ConfigSection>
          <IfCondition condition=':= fsarMountainFossilsDist = "SparseVeins"'>
            <Veins name='fsarMountainFossilsVeins'  inherits='PresetSparseVeins' branchType='Bezier' drawWireframe='true' wireframeColor='0x60FEFDDF' drawBoundBox='false' boundBoxColor='0x60FEFDDF'>
              <Description>
                Large veins filled very lightly  with ore.  Because
                they contain  less ore per volume, these veins  are
                relatively wide and long.  Mining the ore from them is
                time  consuming compared to solid ore  veins.  They
                are also more  difficult to follow, since it is
                harder to get an idea of their  direction while
                mining.
              </Description>
              <OreBlock block='fossil:fossil' weight='1.0' />
              <ReplacesOre block='stone' weight='1.0' />
              <BiomeType name='Mountain'  />
              <Setting name='MotherlodeFrequency' avg=':= 7.552 * _default_ * fsarMountainFossilsFreq ' range=':= 7.552 * _default_ * fsarMountainFossilsFreq ' type='normal' scaleTo='base' />
              <Setting name='MotherlodeSize' avg=':= 0 * _default_ * fsarMountainFossilsSize ' range=':= 0 * _default_ * fsarMountainFossilsSize ' type='normal' />
              <Setting name='MotherlodeHeight' avg=':= 223 ' range=':= 141 ' type='normal' scaleTo='base' />
              <Setting name='MotherlodeRangeLimit' avg=':= _default_ ' range=':= _default_ ' type='normal' />
              <Setting name='BranchFrequency' avg=':= _default_ ' range=':= _default_ ' type='normal' />
              <Setting name='BranchInclination' avg=':= _default_ ' range=':= _default_ ' type='normal' />
              <Setting name='BranchLength' avg=':= 2.748 * _default_ ' range=':= 2.748 * _default_ ' type='normal' />
              <Setting name='BranchHeightLimit' avg=':= _default_ ' range=':= _default_ ' type='normal' scaleTo='base' />
              <Setting name='SegmentForkFrequency' avg=':= _default_ ' range=':= _default_ ' type='normal' />
              <Setting name='SegmentForkLengthMult' avg=':= _default_ ' range=':= _default_ ' type='normal' />
              <Setting name='SegmentLength' avg=':= _default_ * fsarMountainFossilsSize ' range=':= _default_ * fsarMountainFossilsSize ' type='normal' />
              <Setting name='SegmentAngle' avg=':= _default_ ' range=':= _default_ ' type='normal' />
              <Setting name='SegmentPitch' avg=':= _default_ ' range=':= _default_ ' type='normal' />
              <Setting name='SegmentRadius' avg=':= 1.658 * _default_ * fsarMountainFossilsSize ' range=':= 1.658 * _default_ * fsarMountainFossilsSize ' type='normal' />
              <Setting name='OreDensity' avg=':= _default_ ' range=':= _default_ ' type='normal' />
              <Setting name='OreRadiusMult' avg=':= _default_ ' range=':= _default_ ' type='normal' />
            </Veins>

            <!-- Beginning "Preferred" configuration. -->
            <Veins name='fsarMountainFossilsPreferredVeins'  inherits='PresetSparseVeins' branchType='Bezier' drawWireframe='true' wireframeColor='0x60FEFDDF' drawBoundBox='false' boundBoxColor='0x60FEFDDF'>
              <Description>
                Ore generation is doubled in  preferred biomes.
              </Description>
              <OreBlock block='fossil:fossil' weight='1.0' />
              <ReplacesOre block='stone' weight='1.0' />
              <BiomeType name='Swamp'  />
              <BiomeType name='desert'  />
              <Setting name='MotherlodeFrequency' avg=':= 7.552 * _default_ * fsarMountainFossilsFreq ' range=':= 7.552 * _default_ * fsarMountainFossilsFreq ' type='normal' scaleTo='base' />
              <Setting name='MotherlodeSize' avg=':= 0 * _default_ * fsarMountainFossilsSize ' range=':= 0 * _default_ * fsarMountainFossilsSize ' type='normal' />
              <Setting name='MotherlodeHeight' avg=':= 223 ' range=':= 141 ' type='normal' scaleTo='base' />
              <Setting name='MotherlodeRangeLimit' avg=':= _default_ ' range=':= _default_ ' type='normal' />
              <Setting name='BranchFrequency' avg=':= _default_ ' range=':= _default_ ' type='normal' />
              <Setting name='BranchInclination' avg=':= _default_ ' range=':= _default_ ' type='normal' />
              <Setting name='BranchLength' avg=':= 2.748 * _default_ ' range=':= 2.748 * _default_ ' type='normal' />
              <Setting name='BranchHeightLimit' avg=':= _default_ ' range=':= _default_ ' type='normal' scaleTo='base' />
              <Setting name='SegmentForkFrequency' avg=':= _default_ ' range=':= _default_ ' type='normal' />
              <Setting name='SegmentForkLengthMult' avg=':= _default_ ' range=':= _default_ ' type='normal' />
              <Setting name='SegmentLength' avg=':= _default_ * fsarMountainFossilsSize ' range=':= _default_ * fsarMountainFossilsSize ' type='normal' />
              <Setting name='SegmentAngle' avg=':= _default_ ' range=':= _default_ ' type='normal' />
              <Setting name='SegmentPitch' avg=':= _default_ ' range=':= _default_ ' type='normal' />
              <Setting name='SegmentRadius' avg=':= 1.658 * _default_ * fsarMountainFossilsSize ' range=':= 1.658 * _default_ * fsarMountainFossilsSize ' type='normal' />
              <Setting name='OreDensity' avg=':= _default_ ' range=':= _default_ ' type='normal' />
              <Setting name='OreRadiusMult' avg=':= _default_ ' range=':= _default_ ' type='normal' />
            </Veins>
            <!-- "Preferred" configuration complete. -->

          </IfCondition>
        </ConfigSection>
        <!-- SparseVeins Preset for Mountain Fossils is  complete. -->


        <!-- Starting Vanilla Preset for Mountain Fossils. -->
        <ConfigSection>
          <IfCondition condition=':= fsarMountainFossilsDist = "Vanilla"'>
            <StandardGen name='fsarMountainFossilsStandard'  inherits='PresetStandardGen' drawWireframe='true' wireframeColor='0x60FEFDDF' drawBoundBox='false' boundBoxColor='0x60FEFDDF'>
              <Description>
                A master preset for standardgen  ore distributions.
              </Description>
              <OreBlock block='fossil:fossil' weight='1.0' />
              <ReplacesOre block='stone' weight='1.0' />
              <BiomeType name='Mountain'  />
              <Setting name='Size' avg=':= 5.333 * fsarMountainFossilsSize ' range=':= 2.67 * fsarMountainFossilsSize ' type='normal' />
              <Setting name='Frequency' avg=':= 25.333 * fsarMountainFossilsFreq ' range=':= 12.67 * fsarMountainFossilsFreq ' type='normal' scaleTo='base' />
              <Setting name='Height' avg=':= 223 ' range=':= 141 ' type='normal' scaleTo='base' />
              <Setting name='ParentRangeLimit' avg=':= _default_ ' range=':= _default_ ' type='normal' />
            </StandardGen>
          </IfCondition>
        </ConfigSection>
        <!-- Vanilla Preset for Mountain Fossils is complete. -->

        <!-- End Mountain Fossils Generation -->


        <!-- Begin Permafrost Generation -->

        <!-- Starting StratumClouds Preset for Permafrost. -->
        <ConfigSection>
          <IfCondition condition=':= fsarPermafrostDist = "StratumClouds"'>
            <Cloud name='fsarPermafrostCloud'  inherits='PresetStratum' drawWireframe='true' wireframeColor='0x60A5C3F5' drawBoundBox='false' boundBoxColor='0x60A5C3F5'>
              <Description>
                Wide, thin, and flat disks of  ore.  Primarily, this
                distribution is meant to provide  realistic
                distribution of stone  in a strata formation.
              </Description>
              <OreBlock block='fossil:permafrost' weight='1.0' />
              <ReplacesOre block='stone' weight='1.0' />
              <Biome name='.*'  />
              <BiomeType name='Frozen'  />
              <Setting name='CloudRadius' avg=':= 0.817 * _default_ * fsarPermafrostSize ' range=':= 0.817 * _default_ * fsarPermafrostSize ' type='normal' />
              <Setting name='CloudThickness' avg=':= 0.817 * _default_ * fsarPermafrostSize ' range=':= 0.817 * _default_ * fsarPermafrostSize ' type='normal' scaleTo='base' />
              <Setting name='DistributionFrequency' avg=':= 0.668 * _default_ * fsarPermafrostFreq ' range=':= 0.668 * _default_ * fsarPermafrostFreq ' type='normal' scaleTo='base' />
              <Setting name='CloudHeight' avg=':= 18 ' range=':= 12.5 ' type='normal' scaleTo='base' />
              <Setting name='ParentRangeLimit' avg=':= _default_ ' range=':= _default_ ' type='normal' />
              <Setting name='CloudSizeNoise' avg=':= _default_ ' range=':= _default_ ' type='normal' />
              <Setting name='CloudInclination' avg=':= _default_ ' range=':= _default_ ' type='normal' />
              <Setting name='OreDensity' avg=':= 0.01 * _default_ ' range=':= 0.01 * _default_ ' type='normal' scaleTo='base' />
              <Setting name='OreVolumeNoiseCutoff' avg=':= _default_ ' range=':= _default_ ' type='normal' />
              <Setting name='OreRadiusMult' avg=':= _default_ ' range=':= _default_ ' type='normal' />
            </Cloud>
          </IfCondition>
        </ConfigSection>
        <!-- StratumClouds Preset for Permafrost is complete. -->


        <!-- Starting SparseVeins Preset for Permafrost. -->
        <ConfigSection>
          <IfCondition condition=':= fsarPermafrostDist = "SparseVeins"'>
            <Veins name='fsarPermafrostVeins'  inherits='PresetSparseVeins' branchType='Bezier' drawWireframe='true' wireframeColor='0x60A5C3F5' drawBoundBox='false' boundBoxColor='0x60A5C3F5'>
              <Description>
                Large veins filled very lightly  with ore.  Because
                they contain  less ore per volume, these veins  are
                relatively wide and long.  Mining the ore from them is
                time  consuming compared to solid ore  veins.  They
                are also more  difficult to follow, since it is
                harder to get an idea of their  direction while
                mining.
              </Description>
              <OreBlock block='fossil:permafrost' weight='1.0' />
              <ReplacesOre block='stone' weight='1.0' />
              <Biome name='.*'  />
              <BiomeType name='Frozen'  />
              <Setting name='MotherlodeFrequency' avg=':= 2.450 * _default_ * fsarPermafrostFreq ' range=':= 2.450 * _default_ * fsarPermafrostFreq ' type='normal' scaleTo='base' />
              <Setting name='MotherlodeSize' avg=':= 0 * _default_ * fsarPermafrostSize ' range=':= 0 * _default_ * fsarPermafrostSize ' type='normal' />
              <Setting name='MotherlodeHeight' avg=':= 18 ' range=':= 12.5 ' type='normal' scaleTo='base' />
              <Setting name='MotherlodeRangeLimit' avg=':= _default_ ' range=':= _default_ ' type='normal' />
              <Setting name='BranchFrequency' avg=':= _default_ ' range=':= _default_ ' type='normal' />
              <Setting name='BranchInclination' avg=':= _default_ ' range=':= _default_ ' type='normal' />
              <Setting name='BranchLength' avg=':= 1.565 * _default_ ' range=':= 1.565 * _default_ ' type='normal' />
              <Setting name='BranchHeightLimit' avg=':= _default_ ' range=':= _default_ ' type='normal' scaleTo='base' />
              <Setting name='SegmentForkFrequency' avg=':= _default_ ' range=':= _default_ ' type='normal' />
              <Setting name='SegmentForkLengthMult' avg=':= _default_ ' range=':= _default_ ' type='normal' />
              <Setting name='SegmentLength' avg=':= _default_ * fsarPermafrostSize ' range=':= _default_ * fsarPermafrostSize ' type='normal' />
              <Setting name='SegmentAngle' avg=':= _default_ ' range=':= _default_ ' type='normal' />
              <Setting name='SegmentPitch' avg=':= _default_ ' range=':= _default_ ' type='normal' />
              <Setting name='SegmentRadius' avg=':= 1.251 * _default_ * fsarPermafrostSize ' range=':= 1.251 * _default_ * fsarPermafrostSize ' type='normal' />
              <Setting name='OreDensity' avg=':= _default_ ' range=':= _default_ ' type='normal' />
              <Setting name='OreRadiusMult' avg=':= _default_ ' range=':= _default_ ' type='normal' />
            </Veins>
          </IfCondition>
        </ConfigSection>
        <!-- SparseVeins Preset for Permafrost is complete. -->


        <!-- Starting Vanilla Preset for Permafrost. -->
        <ConfigSection>
          <IfCondition condition=':= fsarPermafrostDist = "Vanilla"'>
            <StandardGen name='fsarPermafrostStandard'  inherits='PresetStandardGen' drawWireframe='true' wireframeColor='0x60A5C3F5' drawBoundBox='false' boundBoxColor='0x60A5C3F5'>
              <Description>
                A master preset for standardgen  ore distributions.
              </Description>
              <OreBlock block='fossil:permafrost' weight='1.0' />
              <ReplacesOre block='stone' weight='1.0' />
              <Biome name='.*'  />
              <BiomeType name='Frozen'  />
              <Setting name='Size' avg=':= 2.667 * fsarPermafrostSize ' range=':= 1.33 * fsarPermafrostSize ' type='normal' />
              <Setting name='Frequency' avg=':= 5.333 * fsarPermafrostFreq ' range=':= 2.67 * fsarPermafrostFreq ' type='normal' scaleTo='base' />
              <Setting name='Height' avg=':= 18 ' range=':= 12.5 ' type='normal' scaleTo='base' />
              <Setting name='ParentRangeLimit' avg=':= _default_ ' range=':= _default_ ' type='normal' />
            </StandardGen>
          </IfCondition>
        </ConfigSection>
        <!-- Vanilla Preset for Permafrost is complete. -->

        <!-- End Permafrost Generation -->


        <!-- Begin Mountain Permafrost Generation -->

        <!-- Starting StratumClouds Preset for Mountain  Permafrost. -->
        <ConfigSection>
          <IfCondition condition=':= fsarMountainPermafrostDist = "StratumClouds"'>
            <Cloud name='fsarMountainPermafrostCloud'  inherits='PresetStratum' drawWireframe='true' wireframeColor='0x60A5C3F5' drawBoundBox='false' boundBoxColor='0x60A5C3F5'>
              <Description>
                Wide, thin, and flat disks of  ore.  Primarily, this
                distribution is meant to provide  realistic
                distribution of stone  in a strata formation.
              </Description>
              <OreBlock block='fossil:permafrost' weight='1.0' />
              <ReplacesOre block='stone' weight='1.0' />
              <BiomeType name='Mountain'  />
              <Setting name='CloudRadius' avg=':= 0.817 * _default_ * fsarMountainPermafrostSize ' range=':= 0.817 * _default_ * fsarMountainPermafrostSize ' type='normal' />
              <Setting name='CloudThickness' avg=':= 0.817 * _default_ * fsarMountainPermafrostSize ' range=':= 0.817 * _default_ * fsarMountainPermafrostSize ' type='normal' scaleTo='base' />
              <Setting name='DistributionFrequency' avg=':= 0.668 * _default_ * fsarMountainPermafrostFreq ' range=':= 0.668 * _default_ * fsarMountainPermafrostFreq ' type='normal' scaleTo='base' />
              <Setting name='CloudHeight' avg=':= 118 ' range=':= 37.5 ' type='normal' scaleTo='base' />
              <Setting name='ParentRangeLimit' avg=':= _default_ ' range=':= _default_ ' type='normal' />
              <Setting name='CloudSizeNoise' avg=':= _default_ ' range=':= _default_ ' type='normal' />
              <Setting name='CloudInclination' avg=':= _default_ ' range=':= _default_ ' type='normal' />
              <Setting name='OreDensity' avg=':= 0.01 * _default_ ' range=':= 0.01 * _default_ ' type='normal' scaleTo='base' />
              <Setting name='OreVolumeNoiseCutoff' avg=':= _default_ ' range=':= _default_ ' type='normal' />
              <Setting name='OreRadiusMult' avg=':= _default_ ' range=':= _default_ ' type='normal' />
            </Cloud>
          </IfCondition>
        </ConfigSection>
        <!-- StratumClouds Preset for Mountain Permafrost is
             complete. -->


        <!-- Starting SparseVeins Preset for Mountain  Permafrost. -->
        <ConfigSection>
          <IfCondition condition=':= fsarMountainPermafrostDist = "SparseVeins"'>
            <Veins name='fsarMountainPermafrostVeins'  inherits='PresetSparseVeins' branchType='Bezier' drawWireframe='true' wireframeColor='0x60A5C3F5' drawBoundBox='false' boundBoxColor='0x60A5C3F5'>
              <Description>
                Large veins filled very lightly  with ore.  Because
                they contain  less ore per volume, these veins  are
                relatively wide and long.  Mining the ore from them is
                time  consuming compared to solid ore  veins.  They
                are also more  difficult to follow, since it is
                harder to get an idea of their  direction while
                mining.
              </Description>
              <OreBlock block='fossil:permafrost' weight='1.0' />
              <ReplacesOre block='stone' weight='1.0' />
              <BiomeType name='Mountain'  />
              <Setting name='MotherlodeFrequency' avg=':= 2.450 * _default_ * fsarMountainPermafrostFreq ' range=':= 2.450 * _default_ * fsarMountainPermafrostFreq ' type='normal' scaleTo='base' />
              <Setting name='MotherlodeSize' avg=':= 0 * _default_ * fsarMountainPermafrostSize ' range=':= 0 * _default_ * fsarMountainPermafrostSize ' type='normal' />
              <Setting name='MotherlodeHeight' avg=':= 118 ' range=':= 37.5 ' type='normal' scaleTo='base' />
              <Setting name='MotherlodeRangeLimit' avg=':= _default_ ' range=':= _default_ ' type='normal' />
              <Setting name='BranchFrequency' avg=':= _default_ ' range=':= _default_ ' type='normal' />
              <Setting name='BranchInclination' avg=':= _default_ ' range=':= _default_ ' type='normal' />
              <Setting name='BranchLength' avg=':= 1.565 * _default_ ' range=':= 1.565 * _default_ ' type='normal' />
              <Setting name='BranchHeightLimit' avg=':= _default_ ' range=':= _default_ ' type='normal' scaleTo='base' />
              <Setting name='SegmentForkFrequency' avg=':= _default_ ' range=':= _default_ ' type='normal' />
              <Setting name='SegmentForkLengthMult' avg=':= _default_ ' range=':= _default_ ' type='normal' />
              <Setting name='SegmentLength' avg=':= _default_ * fsarMountainPermafrostSize ' range=':= _default_ * fsarMountainPermafrostSize ' type='normal' />
              <Setting name='SegmentAngle' avg=':= _default_ ' range=':= _default_ ' type='normal' />
              <Setting name='SegmentPitch' avg=':= _default_ ' range=':= _default_ ' type='normal' />
              <Setting name='SegmentRadius' avg=':= 1.251 * _default_ * fsarMountainPermafrostSize ' range=':= 1.251 * _default_ * fsarMountainPermafrostSize ' type='normal' />
              <Setting name='OreDensity' avg=':= _default_ ' range=':= _default_ ' type='normal' />
              <Setting name='OreRadiusMult' avg=':= _default_ ' range=':= _default_ ' type='normal' />
            </Veins>
          </IfCondition>
        </ConfigSection>
        <!-- SparseVeins Preset for Mountain Permafrost is  complete. -->


        <!-- Starting Vanilla Preset for Mountain Permafrost. -->
        <ConfigSection>
          <IfCondition condition=':= fsarMountainPermafrostDist = "Vanilla"'>
            <StandardGen name='fsarMountainPermafrostStandard'  inherits='PresetStandardGen' drawWireframe='true' wireframeColor='0x60A5C3F5' drawBoundBox='false' boundBoxColor='0x60A5C3F5'>
              <Description>
                A master preset for standardgen  ore distributions.
              </Description>
              <OreBlock block='fossil:permafrost' weight='1.0' />
              <ReplacesOre block='stone' weight='1.0' />
              <BiomeType name='Mountain'  />
              <Setting name='Size' avg=':= 2.667 * fsarMountainPermafrostSize ' range=':= 1.33 * fsarMountainPermafrostSize ' type='normal' />
              <Setting name='Frequency' avg=':= 5.333 * fsarMountainPermafrostFreq ' range=':= 2.67 * fsarMountainPermafrostFreq ' type='normal' scaleTo='base' />
              <Setting name='Height' avg=':= 118 ' range=':= 37.5 ' type='normal' scaleTo='base' />
              <Setting name='ParentRangeLimit' avg=':= _default_ ' range=':= _default_ ' type='normal' />
            </StandardGen>
          </IfCondition>
        </ConfigSection>
        <!-- Vanilla Preset for Mountain Permafrost is  complete. -->

        <!-- End Mountain Permafrost Generation -->

        <!-- Finished adding blocks -->

      </IfCondition>
      <!-- Overworld Setup Complete -->

    </IfCondition>

  </ConfigSection>
  <!-- Configuration for Custom Ore Generation Complete! -->

</IfModInstalled>
<!-- The "Fossils and Archaeology" mod is now configured. -->





<!-- =================================================================
     This file was made using the Sprocket Advanced Configuration
     Generator.  If you wish to make your own configurations for a mod
     not currently supported by Custom Ore Generation, and you don't
     want the hassle of writing XML, you can find the generator script
     at its GitHub page: http://https://github.com/reteo/Sprocket
     ================================================================= -->
