{"stat.useItem.351":6,"stat.walkOneCm":15793,"stat.mineBlock.85":3,"stat.mineBlock.18":1,"stat.mineBlock.17":4,"stat.jump":6,"stat.useItem.126":40,"achievement.mineWood":4,"stat.craftItem.126":6,"achievement.exploreAllBiomes":{"value":0,"progress":["Plains"]},"stat.useItem.85":5,"stat.craftItem.85":2,"achievement.openInventory":28,"stat.craftItem.5":17,"stat.craftItem.280":4,"stat.mineBlock.3":1,"stat.mineBlock.6":1,"stat.flyOneCm":1788,"stat.useItem.6":5,"stat.drop":2,"stat.playOneMinute":32796,"stat.useItem.3":12,"stat.useItem.58":1}