<!-- =================================================================
     Custom Ore Generation "Special Rules" Module: This configuration
     covers supplemental caves, mantle, water table, igneous dikes,
     and clear portal stones.
     ================================================================= -->


<!-- Several special rules that can alter the playstyle in the world.
     Is disabled by default.  Configuration by Reteo. -->




<!-- Starting Configuration for Custom Ore Generation. -->
<ConfigSection>





    <!-- Setup Screen Configuration -->
    <ConfigSection>
        <OptionDisplayGroup name='groupSpecialRules' displayName='Special Rules' displayState='shown'>
            <Description>
                Distribution options for Special Rules Ores.
            </Description>
        </OptionDisplayGroup>

        <!-- Supplemental Caves Configuration UI Starting -->
        <ConfigSection>
            <OptionChoice name='spruSupplementalCavesDist'  displayState=':= "shown"' displayGroup='groupSpecialRules'>
                <Description> Controls how Supplemental Caves is generated </Description>
                <DisplayName>Special Rules Supplemental Caves</DisplayName>
                <IfCondition condition=':= (?blockExists("minecraft:air")) '>

                <Choice value='CustomVeins' displayValue='Custom Veins'>
                    <Description>
                        Custom vein; update this description.
                    </Description>
                </Choice>
                </IfCondition>

                <Choice value='none' displayValue='None' description='Supplemental Caves is not generated in the world.'/>
            </OptionChoice>
            <OptionNumeric name='spruSupplementalCavesFreq' default='1'  min='0' max='5' displayState=':= if(?advOptions, "shown", "hidden")' displayGroup='groupSpecialRules'>
                <Description> Frequency multiplier for Special Rules Supplemental Caves distributions </Description>
                <DisplayName>Special Rules Supplemental Caves Freq.</DisplayName>
            </OptionNumeric>
            <OptionNumeric name='spruSupplementalCavesSize' default='1'  min='0' max='5' displayState=':= if(?advOptions, "shown", "hidden")' displayGroup='groupSpecialRules'>
                <Description> Size multiplier for Special Rules Supplemental Caves distributions </Description>
                <DisplayName>Special Rules Supplemental Caves Size</DisplayName>
            </OptionNumeric>
        </ConfigSection>
        <!-- Supplemental Caves Configuration UI Complete -->


        <!-- Mantle Configuration UI Starting -->
        <ConfigSection>
            <OptionChoice name='spruMantleDist'  displayState=':= "shown"' displayGroup='groupSpecialRules'>
                <Description> Controls how Mantle is generated </Description>
                <DisplayName>Special Rules Mantle</DisplayName>
                <IfCondition condition=':= (?blockExists("minecraft:lava")) '>

                <Choice value='Substitution' displayValue='Substitution'>
                    <Description>
                        Universal Block Replacement.
                    </Description>
                </Choice>
                </IfCondition>

                <Choice value='none' displayValue='None' description='Mantle is not generated in the world.'/>
            </OptionChoice>
            <OptionNumeric name='spruMantleFreq' default='1'  min='0' max='5' displayState=':= if(?advOptions, "shown", "hidden")' displayGroup='groupSpecialRules'>
                <Description> Frequency multiplier for Special Rules Mantle distributions </Description>
                <DisplayName>Special Rules Mantle Freq.</DisplayName>
            </OptionNumeric>
            <OptionNumeric name='spruMantleSize' default='1'  min='0' max='5' displayState=':= if(?advOptions, "shown", "hidden")' displayGroup='groupSpecialRules'>
                <Description> Size multiplier for Special Rules Mantle distributions </Description>
                <DisplayName>Special Rules Mantle Size</DisplayName>
            </OptionNumeric>
        </ConfigSection>
        <!-- Mantle Configuration UI Complete -->


        <!-- Water Table Configuration UI Starting -->
        <ConfigSection>
            <OptionChoice name='spruWaterTableDist' default='none'  displayState=':= "shown"' displayGroup='groupSpecialRules'>
                <Description> Controls how Water Table is generated </Description>
                <DisplayName>Special Rules Water Table</DisplayName>
                <IfCondition condition=':= (?blockExists("minecraft:water")) '>

                <Choice value='Substitution' displayValue='Substitution'>
                    <Description>
                        Universal Block Replacement.
                    </Description>
                </Choice>
                </IfCondition>

                <Choice value='none' displayValue='None' description='Water Table is not generated in the world.'/>
            </OptionChoice>
            <OptionNumeric name='spruWaterTableFreq' default='1'  min='0' max='5' displayState=':= if(?advOptions, "shown", "hidden")' displayGroup='groupSpecialRules'>
                <Description> Frequency multiplier for Special Rules Water Table distributions </Description>
                <DisplayName>Special Rules Water Table Freq.</DisplayName>
            </OptionNumeric>
            <OptionNumeric name='spruWaterTableSize' default='1'  min='0' max='5' displayState=':= if(?advOptions, "shown", "hidden")' displayGroup='groupSpecialRules'>
                <Description> Size multiplier for Special Rules Water Table distributions </Description>
                <DisplayName>Special Rules Water Table Size</DisplayName>
            </OptionNumeric>
        </ConfigSection>
        <!-- Water Table Configuration UI Complete -->


        <!-- Igneous Dikes Configuration UI Starting -->
        <ConfigSection>
            <OptionChoice name='spruIgneousDikesDist'  displayState=':= "shown"' displayGroup='groupSpecialRules'>
                <Description> Controls how Igneous Dikes is generated </Description>
                <DisplayName>Special Rules Igneous Dikes</DisplayName>
                <IfCondition condition=':= (?blockExists("minecraft:lava")) '>

                <Choice value='StrategicClouds' displayValue='Strategic Clouds'>
                    <Description>
                        Large irregular clouds filled lightly with ore.
                    </Description>
                </Choice>
                </IfCondition>

                <Choice value='none' displayValue='None' description='Igneous Dikes is not generated in the world.'/>
            </OptionChoice>
            <OptionNumeric name='spruIgneousDikesFreq' default='1'  min='0' max='5' displayState=':= if(?advOptions, "shown", "hidden")' displayGroup='groupSpecialRules'>
                <Description> Frequency multiplier for Special Rules Igneous Dikes distributions </Description>
                <DisplayName>Special Rules Igneous Dikes Freq.</DisplayName>
            </OptionNumeric>
            <OptionNumeric name='spruIgneousDikesSize' default='1'  min='0' max='5' displayState=':= if(?advOptions, "shown", "hidden")' displayGroup='groupSpecialRules'>
                <Description> Size multiplier for Special Rules Igneous Dikes distributions </Description>
                <DisplayName>Special Rules Igneous Dikes Size</DisplayName>
            </OptionNumeric>
        </ConfigSection>
        <!-- Igneous Dikes Configuration UI Complete -->


        <!-- Clear Portal Stones Configuration UI Starting -->
        <ConfigSection>
            <OptionChoice name='spruClearPortalStonesDist'  displayState=':= "shown"' displayGroup='groupSpecialRules'>
                <Description> Controls how Clear Portal Stones is generated </Description>
                <DisplayName>Special Rules Clear Portal Stones</DisplayName>
                <IfCondition condition=':= (?blockExists("minecraft:cobblestone")) '>

                <Choice value='Substitution' displayValue='Substitution'>
                    <Description>
                        Universal Block Replacement.
                    </Description>
                </Choice>
                </IfCondition>

                <Choice value='none' displayValue='None' description='Clear Portal Stones is not generated in the world.'/>
            </OptionChoice>
            <OptionNumeric name='spruClearPortalStonesFreq' default='1'  min='0' max='5' displayState=':= if(?advOptions, "shown", "hidden")' displayGroup='groupSpecialRules'>
                <Description> Frequency multiplier for Special Rules Clear Portal Stones distributions </Description>
                <DisplayName>Special Rules Clear Portal Stones Freq.</DisplayName>
            </OptionNumeric>
            <OptionNumeric name='spruClearPortalStonesSize' default='1'  min='0' max='5' displayState=':= if(?advOptions, "shown", "hidden")' displayGroup='groupSpecialRules'>
                <Description> Size multiplier for Special Rules Clear Portal Stones distributions </Description>
                <DisplayName>Special Rules Clear Portal Stones Size</DisplayName>
            </OptionNumeric>
        </ConfigSection>
        <!-- Clear Portal Stones Configuration UI Complete -->

    </ConfigSection>
    <!-- Setup Screen Complete -->





    <!-- Overworld Setup Beginning -->

    <IfCondition condition=':= ?COGActive'>

        <!-- Starting Original "Overworld" Block Removal -->
        <!-- Original "Overworld" Block Removal Complete -->

        <!-- Adding blocks -->

        <!-- Begin Supplemental Caves Generation -->

        <!-- Starting CustomVeins Preset for Supplemental Caves. -->
        <ConfigSection>
            <IfCondition condition=':= spruSupplementalCavesDist = "CustomVeins"'>
                <Veins name='spruSupplementalCavesVeins'   branchType='Bezier' drawWireframe='true' wireframeColor='0x60888888' drawBoundBox='false' boundBoxColor='0x60888888'>
                    <Description>
                        A completely custom veins design.  It is
                        recommended to change this text to
                        appropriately describe the distribution.
                    </Description>
                    <OreBlock block='minecraft:air' weight='1.0' />
                    <Replaces block='.*' weight='1' />
                    <Replaces block='minecraft:.*water' weight='-1' />
                    <Replaces block='minecraft:.*bedrock' weight='-1' />
                    <Biome name='.*'  />
                    <Setting name='MotherlodeFrequency' avg=':= 0.002 * spruSupplementalCavesFreq ' range=':= 0 * spruSupplementalCavesFreq ' type='normal' scaleTo='base' />
                    <Setting name='MotherlodeSize' avg=':= 10 * spruSupplementalCavesSize ' range=':= 8 * spruSupplementalCavesSize ' type='uniform' />
                    <Setting name='MotherlodeHeight' avg=':= 32 ' range=':= 10.5 ' type='uniform' scaleTo='base' />
                    <Setting name='MotherlodeRangeLimit' avg=':= 32 ' range=':= 32 ' type='normal' />
                    <Setting name='BranchFrequency' avg=':= 3 ' range=':= 2 ' type='normal' />
                    <Setting name='BranchInclination' avg=':= 0 ' range=':= 0.55 ' type='normal' />
                    <Setting name='BranchLength' avg=':= 500 ' range=':= 280 ' type='normal' />
                    <Setting name='BranchHeightLimit' avg=':= 1000 ' range=':= 0 ' type='normal' scaleTo='base' />
                    <Setting name='SegmentForkFrequency' avg=':= 0.08 ' range=':= 0 ' type='normal' />
                    <Setting name='SegmentForkLengthMult' avg=':= 0.75 ' range=':= 0.25 ' type='normal' />
                    <Setting name='SegmentLength' avg=':= 30 * spruSupplementalCavesSize ' range=':= 6 * spruSupplementalCavesSize ' type='normal' />
                    <Setting name='SegmentAngle' avg=':= 0.70 ' range=':= 0.70 ' type='normal' />
                    <Setting name='SegmentPitch' avg=':= 0.70 ' range=':= 0.70 ' type='normal' />
                    <Setting name='SegmentRadius' avg=':= 6 * spruSupplementalCavesSize ' range=':= 3.8 * spruSupplementalCavesSize ' type='normal' />
                    <Setting name='OreDensity' avg=':= 1 ' range=':= 0 ' type='normal' />
                    <Setting name='OreRadiusMult' avg=':= 1 ' range=':= 0.1 ' type='normal' />
                </Veins>
            </IfCondition>
        </ConfigSection>
        <!-- CustomVeins Preset for Supplemental Caves is complete. -->

        <!-- End Supplemental Caves Generation -->


        <!-- Begin Mantle Generation -->

        <!-- Starting Substitution Preset for Mantle. -->
        <ConfigSection>
            <IfCondition condition=':= spruMantleDist = "Substitution"'>
                <Substitute name='spruMantleSubstitute'  minHeight='0'  maxHeight='16' >
                    <Description>
                        This is a global replacement of one block
                        with another.  Height clamping is needed  to
                        keep the substitution from being  universal.
                    </Description>
                    <OreBlock block='minecraft:lava' weight='1.0' />
                    <Replaces block='minecraft:air' weight='1.0' />
                    <Replaces block='minecraft:dirt' weight='1.0' />
                    <Replaces block='minecraft:gravel' weight='1.0' />
                    <Replaces block='minecraft:water' weight='1.0' />
                    <Biome name='.*'  />
                </Substitute>
            </IfCondition>
        </ConfigSection>
        <!-- Substitution Preset for Mantle is complete. -->

        <!-- End Mantle Generation -->


        <!-- Begin Water Table Generation -->

        <!-- Starting Substitution Preset for Water Table. -->
        <ConfigSection>
            <IfCondition condition=':= spruWaterTableDist = "Substitution"'>
                <Substitute name='spruWaterTableSubstitute'  minHeight='0'  maxHeight='8' >
                    <Description>
                        This is a global replacement of one block
                        with another.  Height clamping is needed  to
                        keep the substitution from being  universal.
                    </Description>
                    <OreBlock block='minecraft:water' weight='1.0' />
                    <Replaces block='minecraft:air' weight='1.0' />
                    <Biome name='.*'  />
                </Substitute>
            </IfCondition>
        </ConfigSection>
        <!-- Substitution Preset for Water Table is complete. -->

        <!-- End Water Table Generation -->


        <!-- Begin Igneous Dikes Generation -->

        <!-- Starting StrategicClouds Preset for Igneous Dikes. -->
        <ConfigSection>
            <IfCondition condition=':= spruIgneousDikesDist = "StrategicClouds"'>
                <Cloud name='spruIgneousDikesCloud'  inherits='PresetStrategicCloud' drawWireframe='true' wireframeColor='0x60FF4400' drawBoundBox='false' boundBoxColor='0x60FF4400'>
                    <Description>
                        Large irregular clouds filled lightly  with
                        ore.  These are huge, spanning  several
                        adjacent chunks, and consequently  rather
                        rare.  They contain a sizeable  amount of ore,
                        but it takes some time and  effort to mine due
                        to low density. The  intent for strategic
                        clouds is that the  player will need to
                        actively search for  one and then set up a
                        semi-permanent  mining base and spend some
                        time actually  mining the ore.
                    </Description>
                    <OreBlock block='minecraft:lava' weight='1.0' />
                    <Replaces block='minecraft:air' weight='1.0' />
                    <ReplacesOre block='stone' weight='1.0' />
                    <Replaces block='minecraft:dirt' weight='1.0' />
                    <Replaces block='minecraft:gravel' weight='1.0' />
                    <Replaces block='minecraft:water' weight='1.0' />
                    <Biome name='.*'  />
                    <Setting name='CloudRadius' avg=':= 40 * spruIgneousDikesSize ' range=':= 20 * spruIgneousDikesSize ' type='normal' />
                    <Setting name='CloudThickness' avg=':= 20 * spruIgneousDikesSize ' range=':= 10 * spruIgneousDikesSize ' type='normal' scaleTo='base' />
                    <Setting name='DistributionFrequency' avg=':= _default_ * spruIgneousDikesFreq ' range=':= _default_ * spruIgneousDikesFreq ' type='normal' scaleTo='base' />
                    <Setting name='CloudHeight' avg=':= 0 ' range=':= 0 ' type='normal' scaleTo='base' />
                    <Setting name='ParentRangeLimit' avg=':= _default_ ' range=':= _default_ ' type='normal' />
                    <Setting name='CloudSizeNoise' avg=':= _default_ ' range=':= _default_ ' type='normal' />
                    <Setting name='CloudInclination' avg=':= 0 ' range=':= 90 ' type='normal' />
                    <Setting name='OreDensity' avg=':= 1 ' range=':= 0 ' type='normal' scaleTo='base' />
                    <Setting name='OreVolumeNoiseCutoff' avg=':= 0 ' range=':= 0 ' type='normal' />
                    <Setting name='OreRadiusMult' avg=':= 1 ' range=':= 0 ' type='normal' />
                </Cloud>
            </IfCondition>
        </ConfigSection>
        <!-- StrategicClouds Preset for Igneous Dikes is complete. -->

        <!-- End Igneous Dikes Generation -->


        <!-- Begin Clear Portal Stones Generation -->

        <!-- Starting Substitution Preset for Clear Portal Stones. -->
        <ConfigSection>
            <IfCondition condition=':= spruClearPortalStonesDist = "Substitution"'>
                <Substitute name='spruClearPortalStonesSubstitute' >
                    <Description>
                        This is a global replacement of one block
                        with another.  Height clamping is needed  to
                        keep the substitution from being  universal.
                    </Description>
                    <OreBlock block='minecraft:cobblestone' weight='1.0' />
                    <Replaces block='minecraft:end_portal_frame' weight='1.0' />
                    <Biome name='.*'  />
                </Substitute>
            </IfCondition>
        </ConfigSection>
        <!-- Substitution Preset for Clear Portal Stones is complete. -->

        <!-- End Clear Portal Stones Generation -->

        <!-- Finished adding blocks -->

    </IfCondition>
    <!-- Overworld Setup Complete -->




</ConfigSection>
<!-- Configuration for Custom Ore Generation Complete! -->




<!-- =================================================================
     This file was made using the Sprocket Advanced Configuration
     Generator.  If you wish to make your own configurations for a mod
     not currently supported by Custom Ore Generation, and you don't
     want the hassle of writing XML, you can find the generator script
     at its GitHub page: http://https://github.com/reteo/Sprocket
     ================================================================= -->
