<!-- =================================================================
     Custom Ore Generation "Forestry" Module: This configuration
     covers apatite, copper, and tin.
     ================================================================= -->


<!-- A mod focused on breeding of trees and bees. Configuration by
     Reteo. -->




<!-- Is the "Forestry" mod on the system?  Let's find out! -->
<IfModInstalled name="Forestry">

  <!-- Starting Configuration for Custom Ore Generation. -->
  <ConfigSection>





    <!-- Setup Screen Configuration -->
    <ConfigSection>
      <OptionDisplayGroup name='groupForestry' displayName='Forestry' displayState='shown'>
        <Description>
          Distribution options for Forestry Ores.
        </Description>
      </OptionDisplayGroup>
      <OptionChoice name='enableForestry' displayName='Handle Forestry Setup?' default='true' displayState='shown_dynamic' displayGroup='groupForestry'>
        <Description> Should Custom Ore Generation handle Forestry ore generation? </Description>
        <Choice value=':= ?true' displayValue='Yes' description='Use Custom Ore Generation to handle Forestry ores.'/>
        <Choice value=':= ?false' displayValue='No' description='Forestry ores will be handled by the mod itself.'/>
      </OptionChoice>
      <OptionChoice name='cleanUpForestry' displayName='Use Forestry Cleanup?' default='true' displayState='shown_dynamic' displayGroup='groupForestry'>
        <Description> Should Custom Ore Generation use the Substitution Pass to remove all instances of Forestry ore from the world?  If the mod's oregen can be turned off in its configuration, then it's recommended to do so, as the substitution pass can slow the game significantly.  If this option is disabled without disabling the mod's own ore generation, you'll end up with two oregens working at once, flooding the world with ore.  Enabled by default to ensure the ores are completely removed. </Description>
        <Choice value=':= ?true' displayValue='Yes' description='Use the substitution pass to clean up Forestry ores.'/>
        <Choice value=':= ?false' displayValue='No' description='Forestry ores do not need to be cleaned up by a substitution pass.'/>
      </OptionChoice>

      <!-- Apatite Configuration UI Starting -->
      <ConfigSection>
        <OptionChoice name='frstApatiteDist'  displayState=':= if(?enableForestry, "shown", "hidden")' displayGroup='groupForestry'>
          <Description> Controls how Apatite is generated </Description>
          <DisplayName>Forestry Apatite</DisplayName>
          <IfCondition condition=':= (?blockExists("Forestry:resources")) '>

          <Choice value='SparseVeins' displayValue='Sparse Veins'>
            <Description>
              Large veins filled very lightly with ore.
            </Description>
          </Choice>
          </IfCondition>

          <IfCondition condition=':= (?blockExists("Forestry:resources")) '>

          <Choice value='StrategicClouds' displayValue='Strategic Clouds'>
            <Description>
              Large irregular clouds filled lightly with ore.
            </Description>
          </Choice>
          </IfCondition>

          <IfCondition condition=':= (?blockExists("Forestry:resources")) '>

          <Choice value='Vanilla' displayValue='Vanilla'>
            <Description>
              Simulates Vanilla Minecraft.
            </Description>
          </Choice>
          </IfCondition>

          <Choice value='none' displayValue='None' description='Apatite is not generated in the world.'/>
        </OptionChoice>
        <OptionNumeric name='frstApatiteFreq' default='1'  min='0' max='5' displayState=':= if(?enableForestry, if(?advOptions, "shown", "hidden"), "hidden")' displayGroup='groupForestry'>
          <Description> Frequency multiplier for Forestry Apatite distributions </Description>
          <DisplayName>Forestry Apatite Freq.</DisplayName>
        </OptionNumeric>
        <OptionNumeric name='frstApatiteSize' default='1'  min='0' max='5' displayState=':= if(?enableForestry, if(?advOptions, "shown", "hidden"), "hidden")' displayGroup='groupForestry'>
          <Description> Size multiplier for Forestry Apatite distributions </Description>
          <DisplayName>Forestry Apatite Size</DisplayName>
        </OptionNumeric>
      </ConfigSection>
      <!-- Apatite Configuration UI Complete -->


      <!-- Copper Configuration UI Starting -->
      <ConfigSection>
        <OptionChoice name='frstCopperDist' default='none'  displayState=':= if(?enableForestry, "shown", "hidden")' displayGroup='groupForestry'>
          <Description> Controls how Copper is generated </Description>
          <DisplayName>Forestry Copper</DisplayName>
          <IfCondition condition=':= (?blockExists("Forestry:resources:1")) '>

          <Choice value='LayeredVeins' displayValue='Layered Veins'>
            <Description>
              Small, fairly rare motherlodes with 2-4 horizontal veins each.
            </Description>
          </Choice>
          </IfCondition>

          <IfCondition condition=':= (?blockExists("Forestry:resources:1")) '>

          <Choice value='StrategicClouds' displayValue='Strategic Clouds'>
            <Description>
              Large irregular clouds filled lightly with ore.
            </Description>
          </Choice>
          </IfCondition>

          <IfCondition condition=':= (?blockExists("Forestry:resources:1")) '>

          <Choice value='Vanilla' displayValue='Vanilla'>
            <Description>
              Simulates Vanilla Minecraft.
            </Description>
          </Choice>
          </IfCondition>

          <Choice value='none' displayValue='None' description='Copper is not generated in the world.'/>
        </OptionChoice>
        <OptionNumeric name='frstCopperFreq' default='1'  min='0' max='5' displayState=':= if(?enableForestry, if(?advOptions, "shown", "hidden"), "hidden")' displayGroup='groupForestry'>
          <Description> Frequency multiplier for Forestry Copper distributions </Description>
          <DisplayName>Forestry Copper Freq.</DisplayName>
        </OptionNumeric>
        <OptionNumeric name='frstCopperSize' default='1'  min='0' max='5' displayState=':= if(?enableForestry, if(?advOptions, "shown", "hidden"), "hidden")' displayGroup='groupForestry'>
          <Description> Size multiplier for Forestry Copper distributions </Description>
          <DisplayName>Forestry Copper Size</DisplayName>
        </OptionNumeric>
      </ConfigSection>
      <!-- Copper Configuration UI Complete -->


      <!-- Tin Configuration UI Starting -->
      <ConfigSection>
        <OptionChoice name='frstTinDist' default='none'  displayState=':= if(?enableForestry, "shown", "hidden")' displayGroup='groupForestry'>
          <Description> Controls how Tin is generated </Description>
          <DisplayName>Forestry Tin</DisplayName>
          <IfCondition condition=':= (?blockExists("Forestry:resources:2")) '>

          <Choice value='LayeredVeins' displayValue='Layered Veins'>
            <Description>
              Small, fairly rare motherlodes with 2-4 horizontal veins each.
            </Description>
          </Choice>
          </IfCondition>

          <IfCondition condition=':= (?blockExists("Forestry:resources:2")) '>

          <Choice value='StrategicClouds' displayValue='Strategic Clouds'>
            <Description>
              Large irregular clouds filled lightly with ore.
            </Description>
          </Choice>
          </IfCondition>

          <IfCondition condition=':= (?blockExists("Forestry:resources:2")) '>

          <Choice value='Vanilla' displayValue='Vanilla'>
            <Description>
              Simulates Vanilla Minecraft.
            </Description>
          </Choice>
          </IfCondition>

          <Choice value='none' displayValue='None' description='Tin is not generated in the world.'/>
        </OptionChoice>
        <OptionNumeric name='frstTinFreq' default='1'  min='0' max='5' displayState=':= if(?enableForestry, if(?advOptions, "shown", "hidden"), "hidden")' displayGroup='groupForestry'>
          <Description> Frequency multiplier for Forestry Tin distributions </Description>
          <DisplayName>Forestry Tin Freq.</DisplayName>
        </OptionNumeric>
        <OptionNumeric name='frstTinSize' default='1'  min='0' max='5' displayState=':= if(?enableForestry, if(?advOptions, "shown", "hidden"), "hidden")' displayGroup='groupForestry'>
          <Description> Size multiplier for Forestry Tin distributions </Description>
          <DisplayName>Forestry Tin Size</DisplayName>
        </OptionNumeric>
      </ConfigSection>
      <!-- Tin Configuration UI Complete -->

    </ConfigSection>
    <!-- Setup Screen Complete -->

    <IfCondition condition=':= ?enableForestry'>




      <!-- Overworld Setup Beginning -->

      <IfCondition condition=':= ?COGActive'>

        <!-- Starting Original "Overworld" Block Removal -->
        <!-- Original "Overworld" Block Removal Complete -->

        <!-- Adding blocks -->

        <!-- Begin Apatite Generation -->

        <!-- Starting SparseVeins Preset for Apatite. -->
        <ConfigSection>
          <IfCondition condition=':= frstApatiteDist = "SparseVeins"'>
            <Veins name='frstApatiteVeins'  inherits='PresetSparseVeins' branchType='Bezier' drawWireframe='true' wireframeColor='0x6052BBEF' drawBoundBox='false' boundBoxColor='0x6052BBEF'>
              <Description>
                Large veins filled very lightly  with ore.  Because
                they contain  less ore per volume, these veins  are
                relatively wide and long.  Mining the ore from them is
                time  consuming compared to solid ore  veins.  They
                are also more  difficult to follow, since it is
                harder to get an idea of their  direction while
                mining.
              </Description>
              <OreBlock block='Forestry:resources' weight='1.0' />
              <ReplacesOre block='stone' weight='1.0' />
              <Biome name='.*'  />
              <Setting name='MotherlodeFrequency' avg=':= 2.599 * _default_ * frstApatiteFreq ' range=':= 2.599 * _default_ * frstApatiteFreq ' type='normal' scaleTo='base' />
              <Setting name='MotherlodeSize' avg=':= 0 * _default_ * frstApatiteSize ' range=':= 0 * _default_ * frstApatiteSize ' type='normal' />
              <Setting name='MotherlodeHeight' avg=':= 120 ' range=':= 64 ' type='uniform' scaleTo='base' />
              <Setting name='MotherlodeRangeLimit' avg=':= _default_ ' range=':= _default_ ' type='normal' />
              <Setting name='BranchFrequency' avg=':= _default_ ' range=':= _default_ ' type='normal' />
              <Setting name='BranchInclination' avg=':= _default_ ' range=':= _default_ ' type='normal' />
              <Setting name='BranchLength' avg=':= 1.612 * _default_ ' range=':= 1.612 * _default_ ' type='normal' />
              <Setting name='BranchHeightLimit' avg=':= _default_ ' range=':= _default_ ' type='normal' scaleTo='base' />
              <Setting name='SegmentForkFrequency' avg=':= _default_ ' range=':= _default_ ' type='normal' />
              <Setting name='SegmentForkLengthMult' avg=':= _default_ ' range=':= _default_ ' type='normal' />
              <Setting name='SegmentLength' avg=':= _default_ * frstApatiteSize ' range=':= _default_ * frstApatiteSize ' type='normal' />
              <Setting name='SegmentAngle' avg=':= _default_ ' range=':= _default_ ' type='normal' />
              <Setting name='SegmentPitch' avg=':= _default_ ' range=':= _default_ ' type='normal' />
              <Setting name='SegmentRadius' avg=':= 1.270 * _default_ * frstApatiteSize ' range=':= 1.270 * _default_ * frstApatiteSize ' type='normal' />
              <Setting name='OreDensity' avg=':= _default_ ' range=':= _default_ ' type='normal' />
              <Setting name='OreRadiusMult' avg=':= _default_ ' range=':= _default_ ' type='normal' />
            </Veins>
          </IfCondition>
        </ConfigSection>
        <!-- SparseVeins Preset for Apatite is complete. -->


        <!-- Starting StrategicClouds Preset for Apatite. -->
        <ConfigSection>
          <IfCondition condition=':= frstApatiteDist = "StrategicClouds"'>
            <Cloud name='frstApatiteCloud'  inherits='PresetStrategicCloud' drawWireframe='true' wireframeColor='0x6052BBEF' drawBoundBox='false' boundBoxColor='0x6052BBEF'>
              <Description>
                Large irregular clouds filled  lightly with ore.
                These are  huge, spanning several adjacent  chunks,
                and consequently rather  rare.  They contain a
                sizeable  amount of ore, but it takes some  time and
                effort to mine due to  low density. The intent for
                strategic clouds is that the  player will need to
                actively  search for one and then set up a  semi-
                permanent mining base and  spend some time actually
                mining  the ore.
              </Description>
              <OreBlock block='Forestry:resources' weight='1.0' />
              <ReplacesOre block='stone' weight='1.0' />
              <Biome name='.*'  />
              <Setting name='CloudRadius' avg=':= 1.101 * _default_ * frstApatiteSize ' range=':= 1.101 * _default_ * frstApatiteSize ' type='normal' />
              <Setting name='CloudThickness' avg=':= 1.101 * _default_ * frstApatiteSize ' range=':= 1.101 * _default_ * frstApatiteSize ' type='normal' scaleTo='base' />
              <Setting name='DistributionFrequency' avg=':= 1.212 * _default_ * frstApatiteFreq ' range=':= 1.212 * _default_ * frstApatiteFreq ' type='normal' scaleTo='base' />
              <Setting name='CloudHeight' avg=':= 120 ' range=':= 64 ' type='uniform' scaleTo='base' />
              <Setting name='ParentRangeLimit' avg=':= _default_ ' range=':= _default_ ' type='normal' />
              <Setting name='CloudSizeNoise' avg=':= _default_ ' range=':= _default_ ' type='normal' />
              <Setting name='CloudInclination' avg=':= _default_ ' range=':= _default_ ' type='normal' />
              <Setting name='OreDensity' avg=':= _default_ ' range=':= _default_ ' type='normal' scaleTo='base' />
              <Setting name='OreVolumeNoiseCutoff' avg=':= _default_ ' range=':= _default_ ' type='normal' />
              <Setting name='OreRadiusMult' avg=':= _default_ ' range=':= _default_ ' type='normal' />
              <Veins name='frstApatiteHintVeins' branchType='Bezier'  inherits='PresetHintVeins' drawWireframe='true' wireframeColor='0x6052BBEF' drawBoundBox='false' boundBoxColor='0x6052BBEF'>
                <Description>
                  Single blocks, generously  scattered through all
                  heights  (density is about that of  vanilla iron
                  ore). They will  replace dirt and sandstone  (but
                  not grass or sand), so  they can be found nearer to
                  the surface than most ores.  Intened to be used as a
                  child  distribution for large, rare  strategic
                  deposits that would  otherwise be very difficult  to
                  find.  Note that the  frequency is multiplied by
                  ground level to maintain a  constant density, but
                  not by  ore frequency because it is  assumed that
                  the frequency of  the parent distribution will
                  already be scaled by that.
                </Description>
                <OreBlock block='Forestry:resources' weight='1.0' />
                <Replaces block='minecraft:dirt' weight='1.0' />
                <Replaces block='minecraft:sandstone' weight='1.0' />
                <ReplacesOre block='stone' weight='1.0' />
                <Replaces block='minecraft:gravel' weight='1.0' />
                <Setting name='MotherlodeFrequency' avg=':= 2.599 * _default_ * frstApatiteFreq  * 0.1 ' range=':= 2.599 * _default_ * frstApatiteFreq  * 0.1 ' type='normal' scaleTo='base' />
              </Veins>
            </Cloud>
          </IfCondition>
        </ConfigSection>
        <!-- StrategicClouds Preset for Apatite is complete. -->


        <!-- Starting Vanilla Preset for Apatite. -->
        <ConfigSection>
          <IfCondition condition=':= frstApatiteDist = "Vanilla"'>
            <StandardGen name='frstApatiteStandard'  inherits='PresetStandardGen' drawWireframe='true' wireframeColor='0x6052BBEF' drawBoundBox='false' boundBoxColor='0x6052BBEF'>
              <Description>
                A master preset for standardgen  ore distributions.
              </Description>
              <OreBlock block='Forestry:resources' weight='1.0' />
              <ReplacesOre block='stone' weight='1.0' />
              <Biome name='.*'  />
              <Setting name='Size' avg=':= 24.0 * frstApatiteSize ' range=':= 12.0 * frstApatiteSize ' type='normal' />
              <Setting name='Frequency' avg=':= 0.667 * frstApatiteFreq ' range=':= 0.33 * frstApatiteFreq ' type='normal' scaleTo='base' />
              <Setting name='Height' avg=':= 120 ' range=':= 64 ' type='uniform' scaleTo='base' />
              <Setting name='ParentRangeLimit' avg=':= _default_ ' range=':= _default_ ' type='normal' />
            </StandardGen>
          </IfCondition>
        </ConfigSection>
        <!-- Vanilla Preset for Apatite is complete. -->

        <!-- End Apatite Generation -->


        <!-- Begin Copper Generation -->

        <!-- Starting LayeredVeins Preset for Copper. -->
        <ConfigSection>
          <IfCondition condition=':= frstCopperDist = "LayeredVeins"'>
            <Veins name='frstCopperVeins'  inherits='PresetLayeredVeins' branchType='Bezier' drawWireframe='true' wireframeColor='0x60E3B78E' drawBoundBox='false' boundBoxColor='0x60E3B78E'>
              <Description>
                Small, fairly rare motherlodes  with 2-4 horizontal
                veins each.
              </Description>
              <OreBlock block='Forestry:resources:1' weight='1.0' />
              <ReplacesOre block='stone' weight='1.0' />
              <Biome name='.*'  />
              <Setting name='MotherlodeFrequency' avg=':= 1.938 * _default_ * frstCopperFreq ' range=':= 1.938 * _default_ * frstCopperFreq ' type='normal' scaleTo='base' />
              <Setting name='MotherlodeSize' avg=':= 1.117 * _default_ * frstCopperSize ' range=':= 1.117 * _default_ * frstCopperSize ' type='normal' />
              <Setting name='MotherlodeHeight' avg=':= 106 ' range=':= 74 ' type='uniform' scaleTo='base' />
              <Setting name='MotherlodeRangeLimit' avg=':= _default_ ' range=':= _default_ ' type='normal' />
              <Setting name='BranchFrequency' avg=':= _default_ ' range=':= _default_ ' type='normal' />
              <Setting name='BranchInclination' avg=':= _default_ ' range=':= _default_ ' type='normal' />
              <Setting name='BranchLength' avg=':= 1.392 * _default_ ' range=':= 1.392 * _default_ ' type='normal' />
              <Setting name='BranchHeightLimit' avg=':= _default_ ' range=':= _default_ ' type='normal' scaleTo='base' />
              <Setting name='SegmentForkFrequency' avg=':= _default_ ' range=':= _default_ ' type='normal' />
              <Setting name='SegmentForkLengthMult' avg=':= _default_ ' range=':= _default_ ' type='normal' />
              <Setting name='SegmentLength' avg=':= _default_ * frstCopperSize ' range=':= _default_ * frstCopperSize ' type='normal' />
              <Setting name='SegmentAngle' avg=':= _default_ ' range=':= _default_ ' type='normal' />
              <Setting name='SegmentPitch' avg=':= _default_ ' range=':= _default_ ' type='normal' />
              <Setting name='SegmentRadius' avg=':= 1.180 * _default_ * frstCopperSize ' range=':= 1.180 * _default_ * frstCopperSize ' type='normal' />
              <Setting name='OreDensity' avg=':= _default_ ' range=':= _default_ ' type='normal' />
              <Setting name='OreRadiusMult' avg=':= _default_ ' range=':= _default_ ' type='normal' />
            </Veins>
          </IfCondition>
        </ConfigSection>
        <!-- LayeredVeins Preset for Copper is complete. -->


        <!-- Starting StrategicClouds Preset for Copper. -->
        <ConfigSection>
          <IfCondition condition=':= frstCopperDist = "StrategicClouds"'>
            <Cloud name='frstCopperCloud'  inherits='PresetStrategicCloud' drawWireframe='true' wireframeColor='0x60E3B78E' drawBoundBox='false' boundBoxColor='0x60E3B78E'>
              <Description>
                Large irregular clouds filled  lightly with ore.
                These are  huge, spanning several adjacent  chunks,
                and consequently rather  rare.  They contain a
                sizeable  amount of ore, but it takes some  time and
                effort to mine due to  low density. The intent for
                strategic clouds is that the  player will need to
                actively  search for one and then set up a  semi-
                permanent mining base and  spend some time actually
                mining  the ore.
              </Description>
              <OreBlock block='Forestry:resources:1' weight='1.0' />
              <ReplacesOre block='stone' weight='1.0' />
              <Biome name='.*'  />
              <Setting name='CloudRadius' avg=':= 1.488 * _default_ * frstCopperSize ' range=':= 1.488 * _default_ * frstCopperSize ' type='normal' />
              <Setting name='CloudThickness' avg=':= 1.488 * _default_ * frstCopperSize ' range=':= 1.488 * _default_ * frstCopperSize ' type='normal' scaleTo='base' />
              <Setting name='DistributionFrequency' avg=':= 2.213 * _default_ * frstCopperFreq ' range=':= 2.213 * _default_ * frstCopperFreq ' type='normal' scaleTo='base' />
              <Setting name='CloudHeight' avg=':= 106 ' range=':= 74 ' type='uniform' scaleTo='base' />
              <Setting name='ParentRangeLimit' avg=':= _default_ ' range=':= _default_ ' type='normal' />
              <Setting name='CloudSizeNoise' avg=':= _default_ ' range=':= _default_ ' type='normal' />
              <Setting name='CloudInclination' avg=':= _default_ ' range=':= _default_ ' type='normal' />
              <Setting name='OreDensity' avg=':= _default_ ' range=':= _default_ ' type='normal' scaleTo='base' />
              <Setting name='OreVolumeNoiseCutoff' avg=':= _default_ ' range=':= _default_ ' type='normal' />
              <Setting name='OreRadiusMult' avg=':= _default_ ' range=':= _default_ ' type='normal' />
              <Veins name='frstCopperHintVeins' branchType='Bezier'  inherits='PresetHintVeins' drawWireframe='true' wireframeColor='0x60E3B78E' drawBoundBox='false' boundBoxColor='0x60E3B78E'>
                <Description>
                  Single blocks, generously  scattered through all
                  heights  (density is about that of  vanilla iron
                  ore). They will  replace dirt and sandstone  (but
                  not grass or sand), so  they can be found nearer to
                  the surface than most ores.  Intened to be used as a
                  child  distribution for large, rare  strategic
                  deposits that would  otherwise be very difficult  to
                  find.  Note that the  frequency is multiplied by
                  ground level to maintain a  constant density, but
                  not by  ore frequency because it is  assumed that
                  the frequency of  the parent distribution will
                  already be scaled by that.
                </Description>
                <OreBlock block='Forestry:resources:1' weight='1.0' />
                <Replaces block='minecraft:dirt' weight='1.0' />
                <Replaces block='minecraft:sandstone' weight='1.0' />
                <ReplacesOre block='stone' weight='1.0' />
                <Replaces block='minecraft:gravel' weight='1.0' />
                <Setting name='MotherlodeFrequency' avg=':= 1.938 * _default_ * frstCopperFreq  * 0.1 ' range=':= 1.938 * _default_ * frstCopperFreq  * 0.1 ' type='normal' scaleTo='base' />
              </Veins>
            </Cloud>
          </IfCondition>
        </ConfigSection>
        <!-- StrategicClouds Preset for Copper is complete. -->


        <!-- Starting Vanilla Preset for Copper. -->
        <ConfigSection>
          <IfCondition condition=':= frstCopperDist = "Vanilla"'>
            <StandardGen name='frstCopperStandard'  inherits='PresetStandardGen' drawWireframe='true' wireframeColor='0x60E3B78E' drawBoundBox='false' boundBoxColor='0x60E3B78E'>
              <Description>
                A master preset for standardgen  ore distributions.
              </Description>
              <OreBlock block='Forestry:resources:1' weight='1.0' />
              <ReplacesOre block='stone' weight='1.0' />
              <Biome name='.*'  />
              <Setting name='Size' avg=':= 4.0 * frstCopperSize ' range=':= 2.0 * frstCopperSize ' type='normal' />
              <Setting name='Frequency' avg=':= 13.333 * frstCopperFreq ' range=':= 6.67 * frstCopperFreq ' type='normal' scaleTo='base' />
              <Setting name='Height' avg=':= 106 ' range=':= 74 ' type='uniform' scaleTo='base' />
              <Setting name='ParentRangeLimit' avg=':= _default_ ' range=':= _default_ ' type='normal' />
            </StandardGen>
          </IfCondition>
        </ConfigSection>
        <!-- Vanilla Preset for Copper is complete. -->

        <!-- End Copper Generation -->


        <!-- Begin Tin Generation -->

        <!-- Starting LayeredVeins Preset for Tin. -->
        <ConfigSection>
          <IfCondition condition=':= frstTinDist = "LayeredVeins"'>
            <Veins name='frstTinVeins'  inherits='PresetLayeredVeins' branchType='Bezier' drawWireframe='true' wireframeColor='0x60D1EDF1' drawBoundBox='false' boundBoxColor='0x60D1EDF1'>
              <Description>
                Small, fairly rare motherlodes  with 2-4 horizontal
                veins each.
              </Description>
              <OreBlock block='Forestry:resources:2' weight='1.0' />
              <ReplacesOre block='stone' weight='1.0' />
              <Biome name='.*'  />
              <Setting name='MotherlodeFrequency' avg=':= 1.839 * _default_ * frstTinFreq ' range=':= 1.839 * _default_ * frstTinFreq ' type='normal' scaleTo='base' />
              <Setting name='MotherlodeSize' avg=':= 1.107 * _default_ * frstTinSize ' range=':= 1.107 * _default_ * frstTinSize ' type='normal' />
              <Setting name='MotherlodeHeight' avg=':= 98 ' range=':= 82 ' type='uniform' scaleTo='base' />
              <Setting name='MotherlodeRangeLimit' avg=':= _default_ ' range=':= _default_ ' type='normal' />
              <Setting name='BranchFrequency' avg=':= _default_ ' range=':= _default_ ' type='normal' />
              <Setting name='BranchInclination' avg=':= _default_ ' range=':= _default_ ' type='normal' />
              <Setting name='BranchLength' avg=':= 1.356 * _default_ ' range=':= 1.356 * _default_ ' type='normal' />
              <Setting name='BranchHeightLimit' avg=':= _default_ ' range=':= _default_ ' type='normal' scaleTo='base' />
              <Setting name='SegmentForkFrequency' avg=':= _default_ ' range=':= _default_ ' type='normal' />
              <Setting name='SegmentForkLengthMult' avg=':= _default_ ' range=':= _default_ ' type='normal' />
              <Setting name='SegmentLength' avg=':= _default_ * frstTinSize ' range=':= _default_ * frstTinSize ' type='normal' />
              <Setting name='SegmentAngle' avg=':= _default_ ' range=':= _default_ ' type='normal' />
              <Setting name='SegmentPitch' avg=':= _default_ ' range=':= _default_ ' type='normal' />
              <Setting name='SegmentRadius' avg=':= 1.165 * _default_ * frstTinSize ' range=':= 1.165 * _default_ * frstTinSize ' type='normal' />
              <Setting name='OreDensity' avg=':= _default_ ' range=':= _default_ ' type='normal' />
              <Setting name='OreRadiusMult' avg=':= _default_ ' range=':= _default_ ' type='normal' />
            </Veins>
          </IfCondition>
        </ConfigSection>
        <!-- LayeredVeins Preset for Tin is complete. -->


        <!-- Starting StrategicClouds Preset for Tin. -->
        <ConfigSection>
          <IfCondition condition=':= frstTinDist = "StrategicClouds"'>
            <Cloud name='frstTinCloud'  inherits='PresetStrategicCloud' drawWireframe='true' wireframeColor='0x60D1EDF1' drawBoundBox='false' boundBoxColor='0x60D1EDF1'>
              <Description>
                Large irregular clouds filled  lightly with ore.
                These are  huge, spanning several adjacent  chunks,
                and consequently rather  rare.  They contain a
                sizeable  amount of ore, but it takes some  time and
                effort to mine due to  low density. The intent for
                strategic clouds is that the  player will need to
                actively  search for one and then set up a  semi-
                permanent mining base and  spend some time actually
                mining  the ore.
              </Description>
              <OreBlock block='Forestry:resources:2' weight='1.0' />
              <ReplacesOre block='stone' weight='1.0' />
              <Biome name='.*'  />
              <Setting name='CloudRadius' avg=':= 1.449 * _default_ * frstTinSize ' range=':= 1.449 * _default_ * frstTinSize ' type='normal' />
              <Setting name='CloudThickness' avg=':= 1.449 * _default_ * frstTinSize ' range=':= 1.449 * _default_ * frstTinSize ' type='normal' scaleTo='base' />
              <Setting name='DistributionFrequency' avg=':= 2.100 * _default_ * frstTinFreq ' range=':= 2.100 * _default_ * frstTinFreq ' type='normal' scaleTo='base' />
              <Setting name='CloudHeight' avg=':= 98 ' range=':= 82 ' type='uniform' scaleTo='base' />
              <Setting name='ParentRangeLimit' avg=':= _default_ ' range=':= _default_ ' type='normal' />
              <Setting name='CloudSizeNoise' avg=':= _default_ ' range=':= _default_ ' type='normal' />
              <Setting name='CloudInclination' avg=':= _default_ ' range=':= _default_ ' type='normal' />
              <Setting name='OreDensity' avg=':= _default_ ' range=':= _default_ ' type='normal' scaleTo='base' />
              <Setting name='OreVolumeNoiseCutoff' avg=':= _default_ ' range=':= _default_ ' type='normal' />
              <Setting name='OreRadiusMult' avg=':= _default_ ' range=':= _default_ ' type='normal' />
              <Veins name='frstTinHintVeins' branchType='Bezier'  inherits='PresetHintVeins' drawWireframe='true' wireframeColor='0x60D1EDF1' drawBoundBox='false' boundBoxColor='0x60D1EDF1'>
                <Description>
                  Single blocks, generously  scattered through all
                  heights  (density is about that of  vanilla iron
                  ore). They will  replace dirt and sandstone  (but
                  not grass or sand), so  they can be found nearer to
                  the surface than most ores.  Intened to be used as a
                  child  distribution for large, rare  strategic
                  deposits that would  otherwise be very difficult  to
                  find.  Note that the  frequency is multiplied by
                  ground level to maintain a  constant density, but
                  not by  ore frequency because it is  assumed that
                  the frequency of  the parent distribution will
                  already be scaled by that.
                </Description>
                <OreBlock block='Forestry:resources:2' weight='1.0' />
                <Replaces block='minecraft:dirt' weight='1.0' />
                <Replaces block='minecraft:sandstone' weight='1.0' />
                <ReplacesOre block='stone' weight='1.0' />
                <Replaces block='minecraft:gravel' weight='1.0' />
                <Setting name='MotherlodeFrequency' avg=':= 1.839 * _default_ * frstTinFreq  * 0.1 ' range=':= 1.839 * _default_ * frstTinFreq  * 0.1 ' type='normal' scaleTo='base' />
              </Veins>
            </Cloud>
          </IfCondition>
        </ConfigSection>
        <!-- StrategicClouds Preset for Tin is complete. -->


        <!-- Starting Vanilla Preset for Tin. -->
        <ConfigSection>
          <IfCondition condition=':= frstTinDist = "Vanilla"'>
            <StandardGen name='frstTinStandard'  inherits='PresetStandardGen' drawWireframe='true' wireframeColor='0x60D1EDF1' drawBoundBox='false' boundBoxColor='0x60D1EDF1'>
              <Description>
                A master preset for standardgen  ore distributions.
              </Description>
              <OreBlock block='Forestry:resources:2' weight='1.0' />
              <ReplacesOre block='stone' weight='1.0' />
              <Biome name='.*'  />
              <Setting name='Size' avg=':= 4.0 * frstTinSize ' range=':= 2.0 * frstTinSize ' type='normal' />
              <Setting name='Frequency' avg=':= 12.0 * frstTinFreq ' range=':= 6.0 * frstTinFreq ' type='normal' scaleTo='base' />
              <Setting name='Height' avg=':= 98 ' range=':= 82 ' type='uniform' scaleTo='base' />
              <Setting name='ParentRangeLimit' avg=':= _default_ ' range=':= _default_ ' type='normal' />
            </StandardGen>
          </IfCondition>
        </ConfigSection>
        <!-- Vanilla Preset for Tin is complete. -->

        <!-- End Tin Generation -->

        <!-- Finished adding blocks -->

      </IfCondition>
      <!-- Overworld Setup Complete -->

    </IfCondition>

  </ConfigSection>
  <!-- Configuration for Custom Ore Generation Complete! -->

</IfModInstalled>
<!-- The "Forestry" mod is now configured. -->





<!-- =================================================================
     This file was made using the Sprocket Advanced Configuration
     Generator.  If you wish to make your own configurations for a mod
     not currently supported by Custom Ore Generation, and you don't
     want the hassle of writing XML, you can find the generator script
     at its GitHub page: http://https://github.com/reteo/Sprocket
     ================================================================= -->
